dataset,phase,codec,chunk_size,workers,iteration,elapsed_ms,cpu_util_pct,stored_bytes,snapshot_dir
silesia,snapshot,raw,0,1,1,2030.329,54,2693513216,/mnt/nvme/chharness/raw-c0-w1-i1
silesia,snapshot,raw,0,1,2,2030.966,55,2693513216,/mnt/nvme/chharness/raw-c0-w1-i2
silesia,snapshot,raw,0,1,3,2019.908,54,2693513216,/mnt/nvme/chharness/raw-c0-w1-i3
silesia,snapshot,raw,0,1,4,2000.595,54,2693513216,/mnt/nvme/chharness/raw-c0-w1-i4
silesia,snapshot,raw,0,1,5,2008.027,54,2693513216,/mnt/nvme/chharness/raw-c0-w1-i5
silesia,snapshot,raw,0,1,6,2017.777,53,2693513216,/mnt/nvme/chharness/raw-c0-w1-i6
silesia,snapshot,raw,0,1,7,2011.958,53,2693513216,/mnt/nvme/chharness/raw-c0-w1-i7
silesia,snapshot,raw,0,1,8,2009.151,53,2693513216,/mnt/nvme/chharness/raw-c0-w1-i8
silesia,snapshot,raw,0,1,9,2004.387,53,2693513216,/mnt/nvme/chharness/raw-c0-w1-i9
silesia,snapshot,raw,0,1,10,2004.251,52,2693513216,/mnt/nvme/chharness/raw-c0-w1-i10
silesia,snapshot,raw,0,1,11,1866.690,49,2693513216,/mnt/nvme/chharness/raw-c0-w1-i11
silesia,snapshot,raw,0,1,12,1872.737,49,2693513216,/mnt/nvme/chharness/raw-c0-w1-i12
silesia,snapshot,raw,0,1,13,1887.824,49,2693513216,/mnt/nvme/chharness/raw-c0-w1-i13
silesia,snapshot,raw,0,1,14,1899.628,49,2693513216,/mnt/nvme/chharness/raw-c0-w1-i14
silesia,snapshot,raw,0,1,15,1880.901,49,2693513216,/mnt/nvme/chharness/raw-c0-w1-i15
silesia,snapshot,raw,0,1,16,1880.663,49,2693513216,/mnt/nvme/chharness/raw-c0-w1-i16
silesia,snapshot,raw,0,1,17,1882.170,49,2693513216,/mnt/nvme/chharness/raw-c0-w1-i17
silesia,snapshot,raw,0,1,18,1881.018,49,2693513216,/mnt/nvme/chharness/raw-c0-w1-i18
silesia,snapshot,raw,0,1,19,1882.504,49,2693513216,/mnt/nvme/chharness/raw-c0-w1-i19
silesia,snapshot,raw,0,1,20,1863.527,49,2693513216,/mnt/nvme/chharness/raw-c0-w1-i20
silesia,snapshot,qpl-hardware-static-async,1048576,8,1,1505.744,75,1149095936,/mnt/nvme/chharness/qpl-hardware-static-async-c1048576-w8-i1
silesia,snapshot,qpl-hardware-static-async,1048576,8,2,1500.911,76,1149095936,/mnt/nvme/chharness/qpl-hardware-static-async-c1048576-w8-i2
silesia,snapshot,qpl-hardware-static-async,1048576,8,3,1504.450,75,1149095936,/mnt/nvme/chharness/qpl-hardware-static-async-c1048576-w8-i3
silesia,snapshot,qpl-hardware-static-async,1048576,8,4,1492.130,75,1149095936,/mnt/nvme/chharness/qpl-hardware-static-async-c1048576-w8-i4
silesia,snapshot,qpl-hardware-static-async,1048576,8,5,1503.889,75,1149095936,/mnt/nvme/chharness/qpl-hardware-static-async-c1048576-w8-i5
silesia,snapshot,qpl-hardware-static-async,1048576,8,6,1492.659,75,1149095936,/mnt/nvme/chharness/qpl-hardware-static-async-c1048576-w8-i6
silesia,snapshot,qpl-hardware-static-async,1048576,8,7,1502.751,75,1149095936,/mnt/nvme/chharness/qpl-hardware-static-async-c1048576-w8-i7
silesia,snapshot,qpl-hardware-static-async,1048576,8,8,1493.720,75,1149095936,/mnt/nvme/chharness/qpl-hardware-static-async-c1048576-w8-i8
silesia,snapshot,qpl-hardware-static-async,1048576,8,9,1504.658,75,1149095936,/mnt/nvme/chharness/qpl-hardware-static-async-c1048576-w8-i9
silesia,snapshot,qpl-hardware-static-async,1048576,8,10,1496.936,75,1149095936,/mnt/nvme/chharness/qpl-hardware-static-async-c1048576-w8-i10
silesia,snapshot,qpl-hardware-static-async,1048576,8,11,1502.581,75,1149095936,/mnt/nvme/chharness/qpl-hardware-static-async-c1048576-w8-i11
silesia,snapshot,qpl-hardware-static-async,1048576,8,12,1494.430,75,1149095936,/mnt/nvme/chharness/qpl-hardware-static-async-c1048576-w8-i12
silesia,snapshot,qpl-hardware-static-async,1048576,8,13,1503.061,75,1149095936,/mnt/nvme/chharness/qpl-hardware-static-async-c1048576-w8-i13
silesia,snapshot,qpl-hardware-static-async,1048576,8,14,1494.409,75,1149095936,/mnt/nvme/chharness/qpl-hardware-static-async-c1048576-w8-i14
silesia,snapshot,qpl-hardware-static-async,1048576,8,15,1503.875,75,1149095936,/mnt/nvme/chharness/qpl-hardware-static-async-c1048576-w8-i15
silesia,snapshot,qpl-hardware-static-async,1048576,8,16,1493.495,75,1149095936,/mnt/nvme/chharness/qpl-hardware-static-async-c1048576-w8-i16
silesia,snapshot,qpl-hardware-static-async,1048576,8,17,1503.146,75,1149095936,/mnt/nvme/chharness/qpl-hardware-static-async-c1048576-w8-i17
silesia,snapshot,qpl-hardware-static-async,1048576,8,18,1498.143,75,1149095936,/mnt/nvme/chharness/qpl-hardware-static-async-c1048576-w8-i18
silesia,snapshot,qpl-hardware-static-async,1048576,8,19,1499.881,75,1149095936,/mnt/nvme/chharness/qpl-hardware-static-async-c1048576-w8-i19
silesia,snapshot,qpl-hardware-static-async,1048576,8,20,1493.098,76,1149095936,/mnt/nvme/chharness/qpl-hardware-static-async-c1048576-w8-i20
silesia,snapshot,qpl-hardware-static-async,1048576,16,1,1506.526,76,1149095936,/mnt/nvme/chharness/qpl-hardware-static-async-c1048576-w16-i1
silesia,snapshot,qpl-hardware-static-async,1048576,16,2,1519.832,76,1149095936,/mnt/nvme/chharness/qpl-hardware-static-async-c1048576-w16-i2
silesia,snapshot,qpl-hardware-static-async,1048576,16,3,1507.579,76,1149095936,/mnt/nvme/chharness/qpl-hardware-static-async-c1048576-w16-i3
silesia,snapshot,qpl-hardware-static-async,1048576,16,4,1513.121,75,1149095936,/mnt/nvme/chharness/qpl-hardware-static-async-c1048576-w16-i4
silesia,snapshot,qpl-hardware-static-async,1048576,16,5,1506.278,76,1149095936,/mnt/nvme/chharness/qpl-hardware-static-async-c1048576-w16-i5
silesia,snapshot,qpl-hardware-static-async,1048576,16,6,1513.052,75,1149095936,/mnt/nvme/chharness/qpl-hardware-static-async-c1048576-w16-i6
silesia,snapshot,qpl-hardware-static-async,1048576,16,7,1504.174,76,1149095936,/mnt/nvme/chharness/qpl-hardware-static-async-c1048576-w16-i7
silesia,snapshot,qpl-hardware-static-async,1048576,16,8,1510.642,75,1149095936,/mnt/nvme/chharness/qpl-hardware-static-async-c1048576-w16-i8
silesia,snapshot,qpl-hardware-static-async,1048576,16,9,1504.510,76,1149095936,/mnt/nvme/chharness/qpl-hardware-static-async-c1048576-w16-i9
silesia,snapshot,qpl-hardware-static-async,1048576,16,10,1501.320,76,1149095936,/mnt/nvme/chharness/qpl-hardware-static-async-c1048576-w16-i10
silesia,snapshot,qpl-hardware-static-async,1048576,16,11,1511.024,75,1149095936,/mnt/nvme/chharness/qpl-hardware-static-async-c1048576-w16-i11
silesia,snapshot,qpl-hardware-static-async,1048576,16,12,1510.458,75,1149095936,/mnt/nvme/chharness/qpl-hardware-static-async-c1048576-w16-i12
silesia,snapshot,qpl-hardware-static-async,1048576,16,13,1506.311,76,1149095936,/mnt/nvme/chharness/qpl-hardware-static-async-c1048576-w16-i13
silesia,snapshot,qpl-hardware-static-async,1048576,16,14,1502.596,76,1149095936,/mnt/nvme/chharness/qpl-hardware-static-async-c1048576-w16-i14
silesia,snapshot,qpl-hardware-static-async,1048576,16,15,1504.737,76,1149095936,/mnt/nvme/chharness/qpl-hardware-static-async-c1048576-w16-i15
silesia,snapshot,qpl-hardware-static-async,1048576,16,16,1504.127,76,1149095936,/mnt/nvme/chharness/qpl-hardware-static-async-c1048576-w16-i16
silesia,snapshot,qpl-hardware-static-async,1048576,16,17,1506.533,76,1149095936,/mnt/nvme/chharness/qpl-hardware-static-async-c1048576-w16-i17
silesia,snapshot,qpl-hardware-static-async,1048576,16,18,1503.940,76,1149095936,/mnt/nvme/chharness/qpl-hardware-static-async-c1048576-w16-i18
silesia,snapshot,qpl-hardware-static-async,1048576,16,19,1515.925,75,1149095936,/mnt/nvme/chharness/qpl-hardware-static-async-c1048576-w16-i19
silesia,snapshot,qpl-hardware-static-async,1048576,16,20,1510.730,76,1149095936,/mnt/nvme/chharness/qpl-hardware-static-async-c1048576-w16-i20
silesia,snapshot,qpl-hardware-static-async,1048576,32,1,1528.830,76,1149095936,/mnt/nvme/chharness/qpl-hardware-static-async-c1048576-w32-i1
silesia,snapshot,qpl-hardware-static-async,1048576,32,2,1536.273,76,1149095936,/mnt/nvme/chharness/qpl-hardware-static-async-c1048576-w32-i2
silesia,snapshot,qpl-hardware-static-async,1048576,32,3,1529.000,76,1149095936,/mnt/nvme/chharness/qpl-hardware-static-async-c1048576-w32-i3
silesia,snapshot,qpl-hardware-static-async,1048576,32,4,1536.606,76,1149095936,/mnt/nvme/chharness/qpl-hardware-static-async-c1048576-w32-i4
silesia,snapshot,qpl-hardware-static-async,1048576,32,5,1532.599,76,1149095936,/mnt/nvme/chharness/qpl-hardware-static-async-c1048576-w32-i5
silesia,snapshot,qpl-hardware-static-async,1048576,32,6,1534.811,76,1149095936,/mnt/nvme/chharness/qpl-hardware-static-async-c1048576-w32-i6
silesia,snapshot,qpl-hardware-static-async,1048576,32,7,1539.448,76,1149095936,/mnt/nvme/chharness/qpl-hardware-static-async-c1048576-w32-i7
silesia,snapshot,qpl-hardware-static-async,1048576,32,8,1536.206,76,1149095936,/mnt/nvme/chharness/qpl-hardware-static-async-c1048576-w32-i8
silesia,snapshot,qpl-hardware-static-async,1048576,32,9,1530.116,76,1149095936,/mnt/nvme/chharness/qpl-hardware-static-async-c1048576-w32-i9
silesia,snapshot,qpl-hardware-static-async,1048576,32,10,1536.345,76,1149095936,/mnt/nvme/chharness/qpl-hardware-static-async-c1048576-w32-i10
silesia,snapshot,qpl-hardware-static-async,1048576,32,11,1532.802,76,1149095936,/mnt/nvme/chharness/qpl-hardware-static-async-c1048576-w32-i11
silesia,snapshot,qpl-hardware-static-async,1048576,32,12,1539.621,76,1149095936,/mnt/nvme/chharness/qpl-hardware-static-async-c1048576-w32-i12
silesia,snapshot,qpl-hardware-static-async,1048576,32,13,1530.129,76,1149095936,/mnt/nvme/chharness/qpl-hardware-static-async-c1048576-w32-i13
silesia,snapshot,qpl-hardware-static-async,1048576,32,14,1538.061,76,1149095936,/mnt/nvme/chharness/qpl-hardware-static-async-c1048576-w32-i14
silesia,snapshot,qpl-hardware-static-async,1048576,32,15,1537.609,76,1149095936,/mnt/nvme/chharness/qpl-hardware-static-async-c1048576-w32-i15
silesia,snapshot,qpl-hardware-static-async,1048576,32,16,1534.796,76,1149095936,/mnt/nvme/chharness/qpl-hardware-static-async-c1048576-w32-i16
silesia,snapshot,qpl-hardware-static-async,1048576,32,17,1533.171,76,1149095936,/mnt/nvme/chharness/qpl-hardware-static-async-c1048576-w32-i17
silesia,snapshot,qpl-hardware-static-async,1048576,32,18,1539.773,76,1149095936,/mnt/nvme/chharness/qpl-hardware-static-async-c1048576-w32-i18
silesia,snapshot,qpl-hardware-static-async,1048576,32,19,1531.398,76,1149095936,/mnt/nvme/chharness/qpl-hardware-static-async-c1048576-w32-i19
silesia,snapshot,qpl-hardware-static-async,1048576,32,20,1536.063,76,1149095936,/mnt/nvme/chharness/qpl-hardware-static-async-c1048576-w32-i20
silesia,snapshot,qpl-hardware-static-async+cpuslot,1048576,8,1,637.367,66,1149100032,/mnt/nvme/chharness/qpl-hardware-static-async+cpuslot-c1048576-w8-i1
silesia,snapshot,qpl-hardware-static-async+cpuslot,1048576,8,2,629.809,67,1149100032,/mnt/nvme/chharness/qpl-hardware-static-async+cpuslot-c1048576-w8-i2
silesia,snapshot,qpl-hardware-static-async+cpuslot,1048576,8,3,636.662,64,1149095936,/mnt/nvme/chharness/qpl-hardware-static-async+cpuslot-c1048576-w8-i3
silesia,snapshot,qpl-hardware-static-async+cpuslot,1048576,8,4,626.342,67,1149100032,/mnt/nvme/chharness/qpl-hardware-static-async+cpuslot-c1048576-w8-i4
silesia,snapshot,qpl-hardware-static-async+cpuslot,1048576,8,5,636.979,65,1149100032,/mnt/nvme/chharness/qpl-hardware-static-async+cpuslot-c1048576-w8-i5
silesia,snapshot,qpl-hardware-static-async+cpuslot,1048576,8,6,628.946,67,1149100032,/mnt/nvme/chharness/qpl-hardware-static-async+cpuslot-c1048576-w8-i6
silesia,snapshot,qpl-hardware-static-async+cpuslot,1048576,8,7,642.975,65,1149100032,/mnt/nvme/chharness/qpl-hardware-static-async+cpuslot-c1048576-w8-i7
silesia,snapshot,qpl-hardware-static-async+cpuslot,1048576,8,8,633.403,66,1149100032,/mnt/nvme/chharness/qpl-hardware-static-async+cpuslot-c1048576-w8-i8
silesia,snapshot,qpl-hardware-static-async+cpuslot,1048576,8,9,639.411,66,1149100032,/mnt/nvme/chharness/qpl-hardware-static-async+cpuslot-c1048576-w8-i9
silesia,snapshot,qpl-hardware-static-async+cpuslot,1048576,8,10,626.550,66,1149100032,/mnt/nvme/chharness/qpl-hardware-static-async+cpuslot-c1048576-w8-i10
silesia,snapshot,qpl-hardware-static-async+cpuslot,1048576,8,11,640.747,66,1149100032,/mnt/nvme/chharness/qpl-hardware-static-async+cpuslot-c1048576-w8-i11
silesia,snapshot,qpl-hardware-static-async+cpuslot,1048576,8,12,629.666,67,1149100032,/mnt/nvme/chharness/qpl-hardware-static-async+cpuslot-c1048576-w8-i12
silesia,snapshot,qpl-hardware-static-async+cpuslot,1048576,8,13,640.023,66,1149100032,/mnt/nvme/chharness/qpl-hardware-static-async+cpuslot-c1048576-w8-i13
silesia,snapshot,qpl-hardware-static-async+cpuslot,1048576,8,14,628.180,67,1149100032,/mnt/nvme/chharness/qpl-hardware-static-async+cpuslot-c1048576-w8-i14
silesia,snapshot,qpl-hardware-static-async+cpuslot,1048576,8,15,638.232,65,1149100032,/mnt/nvme/chharness/qpl-hardware-static-async+cpuslot-c1048576-w8-i15
silesia,snapshot,qpl-hardware-static-async+cpuslot,1048576,8,16,627.393,67,1149100032,/mnt/nvme/chharness/qpl-hardware-static-async+cpuslot-c1048576-w8-i16
silesia,snapshot,qpl-hardware-static-async+cpuslot,1048576,8,17,637.168,66,1149100032,/mnt/nvme/chharness/qpl-hardware-static-async+cpuslot-c1048576-w8-i17
silesia,snapshot,qpl-hardware-static-async+cpuslot,1048576,8,18,628.195,67,1149100032,/mnt/nvme/chharness/qpl-hardware-static-async+cpuslot-c1048576-w8-i18
silesia,snapshot,qpl-hardware-static-async+cpuslot,1048576,8,19,643.047,66,1149100032,/mnt/nvme/chharness/qpl-hardware-static-async+cpuslot-c1048576-w8-i19
silesia,snapshot,qpl-hardware-static-async+cpuslot,1048576,8,20,634.926,67,1149100032,/mnt/nvme/chharness/qpl-hardware-static-async+cpuslot-c1048576-w8-i20
silesia,snapshot,qpl-hardware-static-async+cpuslot,1048576,16,1,606.382,55,1149100032,/mnt/nvme/chharness/qpl-hardware-static-async+cpuslot-c1048576-w16-i1
silesia,snapshot,qpl-hardware-static-async+cpuslot,1048576,16,2,617.527,54,1149095936,/mnt/nvme/chharness/qpl-hardware-static-async+cpuslot-c1048576-w16-i2
silesia,snapshot,qpl-hardware-static-async+cpuslot,1048576,16,3,605.555,55,1149100032,/mnt/nvme/chharness/qpl-hardware-static-async+cpuslot-c1048576-w16-i3
silesia,snapshot,qpl-hardware-static-async+cpuslot,1048576,16,4,618.921,53,1149100032,/mnt/nvme/chharness/qpl-hardware-static-async+cpuslot-c1048576-w16-i4
silesia,snapshot,qpl-hardware-static-async+cpuslot,1048576,16,5,616.973,53,1149100032,/mnt/nvme/chharness/qpl-hardware-static-async+cpuslot-c1048576-w16-i5
silesia,snapshot,qpl-hardware-static-async+cpuslot,1048576,16,6,621.766,53,1149100032,/mnt/nvme/chharness/qpl-hardware-static-async+cpuslot-c1048576-w16-i6
silesia,snapshot,qpl-hardware-static-async+cpuslot,1048576,16,7,617.746,53,1149100032,/mnt/nvme/chharness/qpl-hardware-static-async+cpuslot-c1048576-w16-i7
silesia,snapshot,qpl-hardware-static-async+cpuslot,1048576,16,8,617.393,53,1149100032,/mnt/nvme/chharness/qpl-hardware-static-async+cpuslot-c1048576-w16-i8
silesia,snapshot,qpl-hardware-static-async+cpuslot,1048576,16,9,610.498,54,1149100032,/mnt/nvme/chharness/qpl-hardware-static-async+cpuslot-c1048576-w16-i9
silesia,snapshot,qpl-hardware-static-async+cpuslot,1048576,16,10,621.449,53,1149100032,/mnt/nvme/chharness/qpl-hardware-static-async+cpuslot-c1048576-w16-i10
silesia,snapshot,qpl-hardware-static-async+cpuslot,1048576,16,11,617.383,53,1149100032,/mnt/nvme/chharness/qpl-hardware-static-async+cpuslot-c1048576-w16-i11
silesia,snapshot,qpl-hardware-static-async+cpuslot,1048576,16,12,623.030,53,1149100032,/mnt/nvme/chharness/qpl-hardware-static-async+cpuslot-c1048576-w16-i12
silesia,snapshot,qpl-hardware-static-async+cpuslot,1048576,16,13,617.169,53,1149100032,/mnt/nvme/chharness/qpl-hardware-static-async+cpuslot-c1048576-w16-i13
silesia,snapshot,qpl-hardware-static-async+cpuslot,1048576,16,14,623.965,53,1149100032,/mnt/nvme/chharness/qpl-hardware-static-async+cpuslot-c1048576-w16-i14
silesia,snapshot,qpl-hardware-static-async+cpuslot,1048576,16,15,616.234,53,1149100032,/mnt/nvme/chharness/qpl-hardware-static-async+cpuslot-c1048576-w16-i15
silesia,snapshot,qpl-hardware-static-async+cpuslot,1048576,16,16,619.077,53,1149100032,/mnt/nvme/chharness/qpl-hardware-static-async+cpuslot-c1048576-w16-i16
silesia,snapshot,qpl-hardware-static-async+cpuslot,1048576,16,17,608.680,54,1149100032,/mnt/nvme/chharness/qpl-hardware-static-async+cpuslot-c1048576-w16-i17
silesia,snapshot,qpl-hardware-static-async+cpuslot,1048576,16,18,622.204,53,1149100032,/mnt/nvme/chharness/qpl-hardware-static-async+cpuslot-c1048576-w16-i18
silesia,snapshot,qpl-hardware-static-async+cpuslot,1048576,16,19,607.762,54,1149100032,/mnt/nvme/chharness/qpl-hardware-static-async+cpuslot-c1048576-w16-i19
silesia,snapshot,qpl-hardware-static-async+cpuslot,1048576,16,20,616.438,53,1149100032,/mnt/nvme/chharness/qpl-hardware-static-async+cpuslot-c1048576-w16-i20
silesia,snapshot,qpl-hardware-static-async+cpuslot,1048576,32,1,630.347,53,1149100032,/mnt/nvme/chharness/qpl-hardware-static-async+cpuslot-c1048576-w32-i1
silesia,snapshot,qpl-hardware-static-async+cpuslot,1048576,32,2,621.852,54,1149095936,/mnt/nvme/chharness/qpl-hardware-static-async+cpuslot-c1048576-w32-i2
silesia,snapshot,qpl-hardware-static-async+cpuslot,1048576,32,3,627.575,53,1149095936,/mnt/nvme/chharness/qpl-hardware-static-async+cpuslot-c1048576-w32-i3
silesia,snapshot,qpl-hardware-static-async+cpuslot,1048576,32,4,623.339,53,1149095936,/mnt/nvme/chharness/qpl-hardware-static-async+cpuslot-c1048576-w32-i4
silesia,snapshot,qpl-hardware-static-async+cpuslot,1048576,32,5,632.187,52,1149100032,/mnt/nvme/chharness/qpl-hardware-static-async+cpuslot-c1048576-w32-i5
silesia,snapshot,qpl-hardware-static-async+cpuslot,1048576,32,6,623.694,53,1149100032,/mnt/nvme/chharness/qpl-hardware-static-async+cpuslot-c1048576-w32-i6
silesia,snapshot,qpl-hardware-static-async+cpuslot,1048576,32,7,628.771,52,1149100032,/mnt/nvme/chharness/qpl-hardware-static-async+cpuslot-c1048576-w32-i7
silesia,snapshot,qpl-hardware-static-async+cpuslot,1048576,32,8,627.247,53,1149100032,/mnt/nvme/chharness/qpl-hardware-static-async+cpuslot-c1048576-w32-i8
silesia,snapshot,qpl-hardware-static-async+cpuslot,1048576,32,9,633.805,52,1149100032,/mnt/nvme/chharness/qpl-hardware-static-async+cpuslot-c1048576-w32-i9
silesia,snapshot,qpl-hardware-static-async+cpuslot,1048576,32,10,617.681,54,1149100032,/mnt/nvme/chharness/qpl-hardware-static-async+cpuslot-c1048576-w32-i10
silesia,snapshot,qpl-hardware-static-async+cpuslot,1048576,32,11,629.650,53,1149100032,/mnt/nvme/chharness/qpl-hardware-static-async+cpuslot-c1048576-w32-i11
silesia,snapshot,qpl-hardware-static-async+cpuslot,1048576,32,12,618.551,54,1149100032,/mnt/nvme/chharness/qpl-hardware-static-async+cpuslot-c1048576-w32-i12
silesia,snapshot,qpl-hardware-static-async+cpuslot,1048576,32,13,627.976,53,1149100032,/mnt/nvme/chharness/qpl-hardware-static-async+cpuslot-c1048576-w32-i13
silesia,snapshot,qpl-hardware-static-async+cpuslot,1048576,32,14,621.256,53,1149100032,/mnt/nvme/chharness/qpl-hardware-static-async+cpuslot-c1048576-w32-i14
silesia,snapshot,qpl-hardware-static-async+cpuslot,1048576,32,15,629.037,53,1149100032,/mnt/nvme/chharness/qpl-hardware-static-async+cpuslot-c1048576-w32-i15
silesia,snapshot,qpl-hardware-static-async+cpuslot,1048576,32,16,617.922,54,1149100032,/mnt/nvme/chharness/qpl-hardware-static-async+cpuslot-c1048576-w32-i16
silesia,snapshot,qpl-hardware-static-async+cpuslot,1048576,32,17,631.938,52,1149100032,/mnt/nvme/chharness/qpl-hardware-static-async+cpuslot-c1048576-w32-i17
silesia,snapshot,qpl-hardware-static-async+cpuslot,1048576,32,18,617.527,53,1149100032,/mnt/nvme/chharness/qpl-hardware-static-async+cpuslot-c1048576-w32-i18
silesia,snapshot,qpl-hardware-static-async+cpuslot,1048576,32,19,624.430,52,1149100032,/mnt/nvme/chharness/qpl-hardware-static-async+cpuslot-c1048576-w32-i19
silesia,snapshot,qpl-hardware-static-async+cpuslot,1048576,32,20,621.456,53,1149100032,/mnt/nvme/chharness/qpl-hardware-static-async+cpuslot-c1048576-w32-i20
silesia,snapshot,qpl-hardware-static-async+dsaslot,1048576,8,1,626.695,66,1149100032,/mnt/nvme/chharness/qpl-hardware-static-async+dsaslot-c1048576-w8-i1
silesia,snapshot,qpl-hardware-static-async+dsaslot,1048576,8,2,628.726,66,1149095936,/mnt/nvme/chharness/qpl-hardware-static-async+dsaslot-c1048576-w8-i2
silesia,snapshot,qpl-hardware-static-async+dsaslot,1048576,8,3,622.891,67,1149100032,/mnt/nvme/chharness/qpl-hardware-static-async+dsaslot-c1048576-w8-i3
silesia,snapshot,qpl-hardware-static-async+dsaslot,1048576,8,4,615.496,67,1149100032,/mnt/nvme/chharness/qpl-hardware-static-async+dsaslot-c1048576-w8-i4
silesia,snapshot,qpl-hardware-static-async+dsaslot,1048576,8,5,622.435,66,1149100032,/mnt/nvme/chharness/qpl-hardware-static-async+dsaslot-c1048576-w8-i5
silesia,snapshot,qpl-hardware-static-async+dsaslot,1048576,8,6,624.376,65,1149100032,/mnt/nvme/chharness/qpl-hardware-static-async+dsaslot-c1048576-w8-i6
silesia,snapshot,qpl-hardware-static-async+dsaslot,1048576,8,7,623.347,66,1149100032,/mnt/nvme/chharness/qpl-hardware-static-async+dsaslot-c1048576-w8-i7
silesia,snapshot,qpl-hardware-static-async+dsaslot,1048576,8,8,613.798,67,1149100032,/mnt/nvme/chharness/qpl-hardware-static-async+dsaslot-c1048576-w8-i8
silesia,snapshot,qpl-hardware-static-async+dsaslot,1048576,8,9,624.757,66,1149100032,/mnt/nvme/chharness/qpl-hardware-static-async+dsaslot-c1048576-w8-i9
silesia,snapshot,qpl-hardware-static-async+dsaslot,1048576,8,10,611.358,67,1149100032,/mnt/nvme/chharness/qpl-hardware-static-async+dsaslot-c1048576-w8-i10
silesia,snapshot,qpl-hardware-static-async+dsaslot,1048576,8,11,626.122,65,1149100032,/mnt/nvme/chharness/qpl-hardware-static-async+dsaslot-c1048576-w8-i11
silesia,snapshot,qpl-hardware-static-async+dsaslot,1048576,8,12,626.829,66,1149100032,/mnt/nvme/chharness/qpl-hardware-static-async+dsaslot-c1048576-w8-i12
silesia,snapshot,qpl-hardware-static-async+dsaslot,1048576,8,13,633.727,65,1149100032,/mnt/nvme/chharness/qpl-hardware-static-async+dsaslot-c1048576-w8-i13
silesia,snapshot,qpl-hardware-static-async+dsaslot,1048576,8,14,618.942,67,1149100032,/mnt/nvme/chharness/qpl-hardware-static-async+dsaslot-c1048576-w8-i14
silesia,snapshot,qpl-hardware-static-async+dsaslot,1048576,8,15,627.628,66,1149100032,/mnt/nvme/chharness/qpl-hardware-static-async+dsaslot-c1048576-w8-i15
silesia,snapshot,qpl-hardware-static-async+dsaslot,1048576,8,16,628.389,66,1149100032,/mnt/nvme/chharness/qpl-hardware-static-async+dsaslot-c1048576-w8-i16
silesia,snapshot,qpl-hardware-static-async+dsaslot,1048576,8,17,625.466,66,1149100032,/mnt/nvme/chharness/qpl-hardware-static-async+dsaslot-c1048576-w8-i17
silesia,snapshot,qpl-hardware-static-async+dsaslot,1048576,8,18,621.262,66,1149100032,/mnt/nvme/chharness/qpl-hardware-static-async+dsaslot-c1048576-w8-i18
silesia,snapshot,qpl-hardware-static-async+dsaslot,1048576,8,19,630.985,65,1149100032,/mnt/nvme/chharness/qpl-hardware-static-async+dsaslot-c1048576-w8-i19
silesia,snapshot,qpl-hardware-static-async+dsaslot,1048576,8,20,629.325,66,1149100032,/mnt/nvme/chharness/qpl-hardware-static-async+dsaslot-c1048576-w8-i20
silesia,snapshot,qpl-hardware-static-async+dsaslot,1048576,16,1,601.242,54,1149100032,/mnt/nvme/chharness/qpl-hardware-static-async+dsaslot-c1048576-w16-i1
silesia,snapshot,qpl-hardware-static-async+dsaslot,1048576,16,2,607.569,55,1149100032,/mnt/nvme/chharness/qpl-hardware-static-async+dsaslot-c1048576-w16-i2
silesia,snapshot,qpl-hardware-static-async+dsaslot,1048576,16,3,602.946,55,1149095936,/mnt/nvme/chharness/qpl-hardware-static-async+dsaslot-c1048576-w16-i3
silesia,snapshot,qpl-hardware-static-async+dsaslot,1048576,16,4,619.578,53,1149100032,/mnt/nvme/chharness/qpl-hardware-static-async+dsaslot-c1048576-w16-i4
silesia,snapshot,qpl-hardware-static-async+dsaslot,1048576,16,5,601.409,54,1149100032,/mnt/nvme/chharness/qpl-hardware-static-async+dsaslot-c1048576-w16-i5
silesia,snapshot,qpl-hardware-static-async+dsaslot,1048576,16,6,617.172,52,1149100032,/mnt/nvme/chharness/qpl-hardware-static-async+dsaslot-c1048576-w16-i6
silesia,snapshot,qpl-hardware-static-async+dsaslot,1048576,16,7,604.103,53,1149100032,/mnt/nvme/chharness/qpl-hardware-static-async+dsaslot-c1048576-w16-i7
silesia,snapshot,qpl-hardware-static-async+dsaslot,1048576,16,8,620.372,52,1149100032,/mnt/nvme/chharness/qpl-hardware-static-async+dsaslot-c1048576-w16-i8
silesia,snapshot,qpl-hardware-static-async+dsaslot,1048576,16,9,601.373,53,1149100032,/mnt/nvme/chharness/qpl-hardware-static-async+dsaslot-c1048576-w16-i9
silesia,snapshot,qpl-hardware-static-async+dsaslot,1048576,16,10,618.046,52,1149100032,/mnt/nvme/chharness/qpl-hardware-static-async+dsaslot-c1048576-w16-i10
silesia,snapshot,qpl-hardware-static-async+dsaslot,1048576,16,11,600.688,54,1149100032,/mnt/nvme/chharness/qpl-hardware-static-async+dsaslot-c1048576-w16-i11
silesia,snapshot,qpl-hardware-static-async+dsaslot,1048576,16,12,617.860,51,1149100032,/mnt/nvme/chharness/qpl-hardware-static-async+dsaslot-c1048576-w16-i12
silesia,snapshot,qpl-hardware-static-async+dsaslot,1048576,16,13,603.455,53,1149100032,/mnt/nvme/chharness/qpl-hardware-static-async+dsaslot-c1048576-w16-i13
silesia,snapshot,qpl-hardware-static-async+dsaslot,1048576,16,14,615.978,53,1149100032,/mnt/nvme/chharness/qpl-hardware-static-async+dsaslot-c1048576-w16-i14
silesia,snapshot,qpl-hardware-static-async+dsaslot,1048576,16,15,606.985,53,1149100032,/mnt/nvme/chharness/qpl-hardware-static-async+dsaslot-c1048576-w16-i15
silesia,snapshot,qpl-hardware-static-async+dsaslot,1048576,16,16,626.576,51,1149100032,/mnt/nvme/chharness/qpl-hardware-static-async+dsaslot-c1048576-w16-i16
silesia,snapshot,qpl-hardware-static-async+dsaslot,1048576,16,17,609.876,52,1149100032,/mnt/nvme/chharness/qpl-hardware-static-async+dsaslot-c1048576-w16-i17
silesia,snapshot,qpl-hardware-static-async+dsaslot,1048576,16,18,619.115,52,1149100032,/mnt/nvme/chharness/qpl-hardware-static-async+dsaslot-c1048576-w16-i18
silesia,snapshot,qpl-hardware-static-async+dsaslot,1048576,16,19,603.695,53,1149100032,/mnt/nvme/chharness/qpl-hardware-static-async+dsaslot-c1048576-w16-i19
silesia,snapshot,qpl-hardware-static-async+dsaslot,1048576,16,20,615.652,52,1149100032,/mnt/nvme/chharness/qpl-hardware-static-async+dsaslot-c1048576-w16-i20
silesia,snapshot,qpl-hardware-static-async+dsaslot,1048576,32,1,633.915,51,1149100032,/mnt/nvme/chharness/qpl-hardware-static-async+dsaslot-c1048576-w32-i1
silesia,snapshot,qpl-hardware-static-async+dsaslot,1048576,32,2,617.734,53,1149095936,/mnt/nvme/chharness/qpl-hardware-static-async+dsaslot-c1048576-w32-i2
silesia,snapshot,qpl-hardware-static-async+dsaslot,1048576,32,3,634.670,53,1149095936,/mnt/nvme/chharness/qpl-hardware-static-async+dsaslot-c1048576-w32-i3
silesia,snapshot,qpl-hardware-static-async+dsaslot,1048576,32,4,618.419,53,1149100032,/mnt/nvme/chharness/qpl-hardware-static-async+dsaslot-c1048576-w32-i4
silesia,snapshot,qpl-hardware-static-async+dsaslot,1048576,32,5,630.858,52,1149100032,/mnt/nvme/chharness/qpl-hardware-static-async+dsaslot-c1048576-w32-i5
silesia,snapshot,qpl-hardware-static-async+dsaslot,1048576,32,6,617.872,53,1149100032,/mnt/nvme/chharness/qpl-hardware-static-async+dsaslot-c1048576-w32-i6
silesia,snapshot,qpl-hardware-static-async+dsaslot,1048576,32,7,630.553,52,1149100032,/mnt/nvme/chharness/qpl-hardware-static-async+dsaslot-c1048576-w32-i7
silesia,snapshot,qpl-hardware-static-async+dsaslot,1048576,32,8,617.090,53,1149100032,/mnt/nvme/chharness/qpl-hardware-static-async+dsaslot-c1048576-w32-i8
silesia,snapshot,qpl-hardware-static-async+dsaslot,1048576,32,9,629.752,52,1149100032,/mnt/nvme/chharness/qpl-hardware-static-async+dsaslot-c1048576-w32-i9
silesia,snapshot,qpl-hardware-static-async+dsaslot,1048576,32,10,623.954,53,1149100032,/mnt/nvme/chharness/qpl-hardware-static-async+dsaslot-c1048576-w32-i10
silesia,snapshot,qpl-hardware-static-async+dsaslot,1048576,32,11,630.118,52,1149100032,/mnt/nvme/chharness/qpl-hardware-static-async+dsaslot-c1048576-w32-i11
silesia,snapshot,qpl-hardware-static-async+dsaslot,1048576,32,12,616.674,53,1149100032,/mnt/nvme/chharness/qpl-hardware-static-async+dsaslot-c1048576-w32-i12
silesia,snapshot,qpl-hardware-static-async+dsaslot,1048576,32,13,630.353,52,1149100032,/mnt/nvme/chharness/qpl-hardware-static-async+dsaslot-c1048576-w32-i13
silesia,snapshot,qpl-hardware-static-async+dsaslot,1048576,32,14,617.422,53,1149100032,/mnt/nvme/chharness/qpl-hardware-static-async+dsaslot-c1048576-w32-i14
silesia,snapshot,qpl-hardware-static-async+dsaslot,1048576,32,15,631.750,52,1149100032,/mnt/nvme/chharness/qpl-hardware-static-async+dsaslot-c1048576-w32-i15
silesia,snapshot,qpl-hardware-static-async+dsaslot,1048576,32,16,622.038,52,1149100032,/mnt/nvme/chharness/qpl-hardware-static-async+dsaslot-c1048576-w32-i16
silesia,snapshot,qpl-hardware-static-async+dsaslot,1048576,32,17,630.981,52,1149100032,/mnt/nvme/chharness/qpl-hardware-static-async+dsaslot-c1048576-w32-i17
silesia,snapshot,qpl-hardware-static-async+dsaslot,1048576,32,18,621.045,52,1149100032,/mnt/nvme/chharness/qpl-hardware-static-async+dsaslot-c1048576-w32-i18
silesia,snapshot,qpl-hardware-static-async+dsaslot,1048576,32,19,629.522,52,1149100032,/mnt/nvme/chharness/qpl-hardware-static-async+dsaslot-c1048576-w32-i19
silesia,snapshot,qpl-hardware-static-async+dsaslot,1048576,32,20,624.920,53,1149100032,/mnt/nvme/chharness/qpl-hardware-static-async+dsaslot-c1048576-w32-i20
silesia,snapshot,qpl-hardware-static-async+cpu,1048576,8,1,614.949,53,1149100032,/mnt/nvme/chharness/qpl-hardware-static-async+cpu-c1048576-w8-i1
silesia,snapshot,qpl-hardware-static-async+cpu,1048576,8,2,622.917,53,1149095936,/mnt/nvme/chharness/qpl-hardware-static-async+cpu-c1048576-w8-i2
silesia,snapshot,qpl-hardware-static-async+cpu,1048576,8,3,608.401,53,1149095936,/mnt/nvme/chharness/qpl-hardware-static-async+cpu-c1048576-w8-i3
silesia,snapshot,qpl-hardware-static-async+cpu,1048576,8,4,621.002,53,1149095936,/mnt/nvme/chharness/qpl-hardware-static-async+cpu-c1048576-w8-i4
silesia,snapshot,qpl-hardware-static-async+cpu,1048576,8,5,610.896,53,1149100032,/mnt/nvme/chharness/qpl-hardware-static-async+cpu-c1048576-w8-i5
silesia,snapshot,qpl-hardware-static-async+cpu,1048576,8,6,620.319,52,1149100032,/mnt/nvme/chharness/qpl-hardware-static-async+cpu-c1048576-w8-i6
silesia,snapshot,qpl-hardware-static-async+cpu,1048576,8,7,611.559,53,1149100032,/mnt/nvme/chharness/qpl-hardware-static-async+cpu-c1048576-w8-i7
silesia,snapshot,qpl-hardware-static-async+cpu,1048576,8,8,618.482,52,1149100032,/mnt/nvme/chharness/qpl-hardware-static-async+cpu-c1048576-w8-i8
silesia,snapshot,qpl-hardware-static-async+cpu,1048576,8,9,613.248,53,1149100032,/mnt/nvme/chharness/qpl-hardware-static-async+cpu-c1048576-w8-i9
silesia,snapshot,qpl-hardware-static-async+cpu,1048576,8,10,618.904,52,1149100032,/mnt/nvme/chharness/qpl-hardware-static-async+cpu-c1048576-w8-i10
silesia,snapshot,qpl-hardware-static-async+cpu,1048576,8,11,611.745,53,1149100032,/mnt/nvme/chharness/qpl-hardware-static-async+cpu-c1048576-w8-i11
silesia,snapshot,qpl-hardware-static-async+cpu,1048576,8,12,621.006,52,1149100032,/mnt/nvme/chharness/qpl-hardware-static-async+cpu-c1048576-w8-i12
silesia,snapshot,qpl-hardware-static-async+cpu,1048576,8,13,614.725,53,1149100032,/mnt/nvme/chharness/qpl-hardware-static-async+cpu-c1048576-w8-i13
silesia,snapshot,qpl-hardware-static-async+cpu,1048576,8,14,621.346,52,1149100032,/mnt/nvme/chharness/qpl-hardware-static-async+cpu-c1048576-w8-i14
silesia,snapshot,qpl-hardware-static-async+cpu,1048576,8,15,612.339,53,1149100032,/mnt/nvme/chharness/qpl-hardware-static-async+cpu-c1048576-w8-i15
silesia,snapshot,qpl-hardware-static-async+cpu,1048576,8,16,618.630,52,1149100032,/mnt/nvme/chharness/qpl-hardware-static-async+cpu-c1048576-w8-i16
silesia,snapshot,qpl-hardware-static-async+cpu,1048576,8,17,610.212,53,1149100032,/mnt/nvme/chharness/qpl-hardware-static-async+cpu-c1048576-w8-i17
silesia,snapshot,qpl-hardware-static-async+cpu,1048576,8,18,620.466,54,1149100032,/mnt/nvme/chharness/qpl-hardware-static-async+cpu-c1048576-w8-i18
silesia,snapshot,qpl-hardware-static-async+cpu,1048576,8,19,616.796,53,1149100032,/mnt/nvme/chharness/qpl-hardware-static-async+cpu-c1048576-w8-i19
silesia,snapshot,qpl-hardware-static-async+cpu,1048576,8,20,626.277,53,1149100032,/mnt/nvme/chharness/qpl-hardware-static-async+cpu-c1048576-w8-i20
silesia,snapshot,qpl-hardware-static-async+cpu,1048576,16,1,625.275,51,1149100032,/mnt/nvme/chharness/qpl-hardware-static-async+cpu-c1048576-w16-i1
silesia,snapshot,qpl-hardware-static-async+cpu,1048576,16,2,621.818,52,1149095936,/mnt/nvme/chharness/qpl-hardware-static-async+cpu-c1048576-w16-i2
silesia,snapshot,qpl-hardware-static-async+cpu,1048576,16,3,629.906,51,1149095936,/mnt/nvme/chharness/qpl-hardware-static-async+cpu-c1048576-w16-i3
silesia,snapshot,qpl-hardware-static-async+cpu,1048576,16,4,615.527,51,1149095936,/mnt/nvme/chharness/qpl-hardware-static-async+cpu-c1048576-w16-i4
silesia,snapshot,qpl-hardware-static-async+cpu,1048576,16,5,621.973,51,1149100032,/mnt/nvme/chharness/qpl-hardware-static-async+cpu-c1048576-w16-i5
silesia,snapshot,qpl-hardware-static-async+cpu,1048576,16,6,616.007,51,1149100032,/mnt/nvme/chharness/qpl-hardware-static-async+cpu-c1048576-w16-i6
silesia,snapshot,qpl-hardware-static-async+cpu,1048576,16,7,621.317,51,1149100032,/mnt/nvme/chharness/qpl-hardware-static-async+cpu-c1048576-w16-i7
silesia,snapshot,qpl-hardware-static-async+cpu,1048576,16,8,618.759,51,1149100032,/mnt/nvme/chharness/qpl-hardware-static-async+cpu-c1048576-w16-i8
silesia,snapshot,qpl-hardware-static-async+cpu,1048576,16,9,622.959,51,1149100032,/mnt/nvme/chharness/qpl-hardware-static-async+cpu-c1048576-w16-i9
silesia,snapshot,qpl-hardware-static-async+cpu,1048576,16,10,617.649,51,1149100032,/mnt/nvme/chharness/qpl-hardware-static-async+cpu-c1048576-w16-i10
silesia,snapshot,qpl-hardware-static-async+cpu,1048576,16,11,618.634,51,1149100032,/mnt/nvme/chharness/qpl-hardware-static-async+cpu-c1048576-w16-i11
silesia,snapshot,qpl-hardware-static-async+cpu,1048576,16,12,618.523,51,1149100032,/mnt/nvme/chharness/qpl-hardware-static-async+cpu-c1048576-w16-i12
silesia,snapshot,qpl-hardware-static-async+cpu,1048576,16,13,622.222,51,1149100032,/mnt/nvme/chharness/qpl-hardware-static-async+cpu-c1048576-w16-i13
silesia,snapshot,qpl-hardware-static-async+cpu,1048576,16,14,620.999,51,1149100032,/mnt/nvme/chharness/qpl-hardware-static-async+cpu-c1048576-w16-i14
silesia,snapshot,qpl-hardware-static-async+cpu,1048576,16,15,626.666,51,1149100032,/mnt/nvme/chharness/qpl-hardware-static-async+cpu-c1048576-w16-i15
silesia,snapshot,qpl-hardware-static-async+cpu,1048576,16,16,617.457,53,1149100032,/mnt/nvme/chharness/qpl-hardware-static-async+cpu-c1048576-w16-i16
silesia,snapshot,qpl-hardware-static-async+cpu,1048576,16,17,630.680,51,1149100032,/mnt/nvme/chharness/qpl-hardware-static-async+cpu-c1048576-w16-i17
silesia,snapshot,qpl-hardware-static-async+cpu,1048576,16,18,623.752,51,1149100032,/mnt/nvme/chharness/qpl-hardware-static-async+cpu-c1048576-w16-i18
silesia,snapshot,qpl-hardware-static-async+cpu,1048576,16,19,627.731,51,1149100032,/mnt/nvme/chharness/qpl-hardware-static-async+cpu-c1048576-w16-i19
silesia,snapshot,qpl-hardware-static-async+cpu,1048576,16,20,616.633,52,1149100032,/mnt/nvme/chharness/qpl-hardware-static-async+cpu-c1048576-w16-i20
silesia,snapshot,qpl-hardware-static-async+cpu,1048576,32,1,622.329,52,1149100032,/mnt/nvme/chharness/qpl-hardware-static-async+cpu-c1048576-w32-i1
silesia,snapshot,qpl-hardware-static-async+cpu,1048576,32,2,629.053,53,1149095936,/mnt/nvme/chharness/qpl-hardware-static-async+cpu-c1048576-w32-i2
silesia,snapshot,qpl-hardware-static-async+cpu,1048576,32,3,625.165,53,1149095936,/mnt/nvme/chharness/qpl-hardware-static-async+cpu-c1048576-w32-i3
silesia,snapshot,qpl-hardware-static-async+cpu,1048576,32,4,629.991,52,1149095936,/mnt/nvme/chharness/qpl-hardware-static-async+cpu-c1048576-w32-i4
silesia,snapshot,qpl-hardware-static-async+cpu,1048576,32,5,621.391,52,1149095936,/mnt/nvme/chharness/qpl-hardware-static-async+cpu-c1048576-w32-i5
silesia,snapshot,qpl-hardware-static-async+cpu,1048576,32,6,632.024,51,1149100032,/mnt/nvme/chharness/qpl-hardware-static-async+cpu-c1048576-w32-i6
silesia,snapshot,qpl-hardware-static-async+cpu,1048576,32,7,623.942,52,1149100032,/mnt/nvme/chharness/qpl-hardware-static-async+cpu-c1048576-w32-i7
silesia,snapshot,qpl-hardware-static-async+cpu,1048576,32,8,630.209,52,1149100032,/mnt/nvme/chharness/qpl-hardware-static-async+cpu-c1048576-w32-i8
silesia,snapshot,qpl-hardware-static-async+cpu,1048576,32,9,624.872,52,1149100032,/mnt/nvme/chharness/qpl-hardware-static-async+cpu-c1048576-w32-i9
silesia,snapshot,qpl-hardware-static-async+cpu,1048576,32,10,628.255,52,1149100032,/mnt/nvme/chharness/qpl-hardware-static-async+cpu-c1048576-w32-i10
silesia,snapshot,qpl-hardware-static-async+cpu,1048576,32,11,636.973,51,1149100032,/mnt/nvme/chharness/qpl-hardware-static-async+cpu-c1048576-w32-i11
silesia,snapshot,qpl-hardware-static-async+cpu,1048576,32,12,636.292,51,1149100032,/mnt/nvme/chharness/qpl-hardware-static-async+cpu-c1048576-w32-i12
silesia,snapshot,qpl-hardware-static-async+cpu,1048576,32,13,626.103,52,1149100032,/mnt/nvme/chharness/qpl-hardware-static-async+cpu-c1048576-w32-i13
silesia,snapshot,qpl-hardware-static-async+cpu,1048576,32,14,627.215,52,1149100032,/mnt/nvme/chharness/qpl-hardware-static-async+cpu-c1048576-w32-i14
silesia,snapshot,qpl-hardware-static-async+cpu,1048576,32,15,638.210,51,1149100032,/mnt/nvme/chharness/qpl-hardware-static-async+cpu-c1048576-w32-i15
silesia,snapshot,qpl-hardware-static-async+cpu,1048576,32,16,635.485,51,1149100032,/mnt/nvme/chharness/qpl-hardware-static-async+cpu-c1048576-w32-i16
silesia,snapshot,qpl-hardware-static-async+cpu,1048576,32,17,634.289,51,1149100032,/mnt/nvme/chharness/qpl-hardware-static-async+cpu-c1048576-w32-i17
silesia,snapshot,qpl-hardware-static-async+cpu,1048576,32,18,637.961,51,1149100032,/mnt/nvme/chharness/qpl-hardware-static-async+cpu-c1048576-w32-i18
silesia,snapshot,qpl-hardware-static-async+cpu,1048576,32,19,638.245,51,1149100032,/mnt/nvme/chharness/qpl-hardware-static-async+cpu-c1048576-w32-i19
silesia,snapshot,qpl-hardware-static-async+cpu,1048576,32,20,638.766,51,1149100032,/mnt/nvme/chharness/qpl-hardware-static-async+cpu-c1048576-w32-i20
silesia,snapshot,qpl-hardware-static-async+dsa,1048576,8,1,619.316,51,1149100032,/mnt/nvme/chharness/qpl-hardware-static-async+dsa-c1048576-w8-i1
silesia,snapshot,qpl-hardware-static-async+dsa,1048576,8,2,624.269,52,1149100032,/mnt/nvme/chharness/qpl-hardware-static-async+dsa-c1048576-w8-i2
silesia,snapshot,qpl-hardware-static-async+dsa,1048576,8,3,624.445,53,1149095936,/mnt/nvme/chharness/qpl-hardware-static-async+dsa-c1048576-w8-i3
silesia,snapshot,qpl-hardware-static-async+dsa,1048576,8,4,622.046,52,1149100032,/mnt/nvme/chharness/qpl-hardware-static-async+dsa-c1048576-w8-i4
silesia,snapshot,qpl-hardware-static-async+dsa,1048576,8,5,613.421,52,1149100032,/mnt/nvme/chharness/qpl-hardware-static-async+dsa-c1048576-w8-i5
silesia,snapshot,qpl-hardware-static-async+dsa,1048576,8,6,626.206,52,1149100032,/mnt/nvme/chharness/qpl-hardware-static-async+dsa-c1048576-w8-i6
silesia,snapshot,qpl-hardware-static-async+dsa,1048576,8,7,618.973,52,1149100032,/mnt/nvme/chharness/qpl-hardware-static-async+dsa-c1048576-w8-i7
silesia,snapshot,qpl-hardware-static-async+dsa,1048576,8,8,630.726,51,1149100032,/mnt/nvme/chharness/qpl-hardware-static-async+dsa-c1048576-w8-i8
silesia,snapshot,qpl-hardware-static-async+dsa,1048576,8,9,617.284,52,1149100032,/mnt/nvme/chharness/qpl-hardware-static-async+dsa-c1048576-w8-i9
silesia,snapshot,qpl-hardware-static-async+dsa,1048576,8,10,632.912,50,1149100032,/mnt/nvme/chharness/qpl-hardware-static-async+dsa-c1048576-w8-i10
silesia,snapshot,qpl-hardware-static-async+dsa,1048576,8,11,620.618,51,1149100032,/mnt/nvme/chharness/qpl-hardware-static-async+dsa-c1048576-w8-i11
silesia,snapshot,qpl-hardware-static-async+dsa,1048576,8,12,624.636,51,1149100032,/mnt/nvme/chharness/qpl-hardware-static-async+dsa-c1048576-w8-i12
silesia,snapshot,qpl-hardware-static-async+dsa,1048576,8,13,611.487,52,1149100032,/mnt/nvme/chharness/qpl-hardware-static-async+dsa-c1048576-w8-i13
silesia,snapshot,qpl-hardware-static-async+dsa,1048576,8,14,635.996,51,1149100032,/mnt/nvme/chharness/qpl-hardware-static-async+dsa-c1048576-w8-i14
silesia,snapshot,qpl-hardware-static-async+dsa,1048576,8,15,620.676,52,1149100032,/mnt/nvme/chharness/qpl-hardware-static-async+dsa-c1048576-w8-i15
silesia,snapshot,qpl-hardware-static-async+dsa,1048576,8,16,635.445,50,1149100032,/mnt/nvme/chharness/qpl-hardware-static-async+dsa-c1048576-w8-i16
silesia,snapshot,qpl-hardware-static-async+dsa,1048576,8,17,622.564,51,1149100032,/mnt/nvme/chharness/qpl-hardware-static-async+dsa-c1048576-w8-i17
silesia,snapshot,qpl-hardware-static-async+dsa,1048576,8,18,624.827,51,1149100032,/mnt/nvme/chharness/qpl-hardware-static-async+dsa-c1048576-w8-i18
silesia,snapshot,qpl-hardware-static-async+dsa,1048576,8,19,611.390,52,1149100032,/mnt/nvme/chharness/qpl-hardware-static-async+dsa-c1048576-w8-i19
silesia,snapshot,qpl-hardware-static-async+dsa,1048576,8,20,629.652,51,1149100032,/mnt/nvme/chharness/qpl-hardware-static-async+dsa-c1048576-w8-i20
silesia,snapshot,qpl-hardware-static-async+dsa,1048576,16,1,635.903,49,1149100032,/mnt/nvme/chharness/qpl-hardware-static-async+dsa-c1048576-w16-i1
silesia,snapshot,qpl-hardware-static-async+dsa,1048576,16,2,624.707,52,1149100032,/mnt/nvme/chharness/qpl-hardware-static-async+dsa-c1048576-w16-i2
silesia,snapshot,qpl-hardware-static-async+dsa,1048576,16,3,632.186,51,1149095936,/mnt/nvme/chharness/qpl-hardware-static-async+dsa-c1048576-w16-i3
silesia,snapshot,qpl-hardware-static-async+dsa,1048576,16,4,621.224,51,1149100032,/mnt/nvme/chharness/qpl-hardware-static-async+dsa-c1048576-w16-i4
silesia,snapshot,qpl-hardware-static-async+dsa,1048576,16,5,636.034,50,1149100032,/mnt/nvme/chharness/qpl-hardware-static-async+dsa-c1048576-w16-i5
silesia,snapshot,qpl-hardware-static-async+dsa,1048576,16,6,620.363,51,1149100032,/mnt/nvme/chharness/qpl-hardware-static-async+dsa-c1048576-w16-i6
silesia,snapshot,qpl-hardware-static-async+dsa,1048576,16,7,633.379,49,1149100032,/mnt/nvme/chharness/qpl-hardware-static-async+dsa-c1048576-w16-i7
silesia,snapshot,qpl-hardware-static-async+dsa,1048576,16,8,627.733,50,1149100032,/mnt/nvme/chharness/qpl-hardware-static-async+dsa-c1048576-w16-i8
silesia,snapshot,qpl-hardware-static-async+dsa,1048576,16,9,625.957,49,1149100032,/mnt/nvme/chharness/qpl-hardware-static-async+dsa-c1048576-w16-i9
silesia,snapshot,qpl-hardware-static-async+dsa,1048576,16,10,617.841,50,1149100032,/mnt/nvme/chharness/qpl-hardware-static-async+dsa-c1048576-w16-i10
silesia,snapshot,qpl-hardware-static-async+dsa,1048576,16,11,638.397,48,1149100032,/mnt/nvme/chharness/qpl-hardware-static-async+dsa-c1048576-w16-i11
silesia,snapshot,qpl-hardware-static-async+dsa,1048576,16,12,627.384,50,1149100032,/mnt/nvme/chharness/qpl-hardware-static-async+dsa-c1048576-w16-i12
silesia,snapshot,qpl-hardware-static-async+dsa,1048576,16,13,635.750,49,1149100032,/mnt/nvme/chharness/qpl-hardware-static-async+dsa-c1048576-w16-i13
silesia,snapshot,qpl-hardware-static-async+dsa,1048576,16,14,618.463,51,1149100032,/mnt/nvme/chharness/qpl-hardware-static-async+dsa-c1048576-w16-i14
silesia,snapshot,qpl-hardware-static-async+dsa,1048576,16,15,629.576,50,1149100032,/mnt/nvme/chharness/qpl-hardware-static-async+dsa-c1048576-w16-i15
silesia,snapshot,qpl-hardware-static-async+dsa,1048576,16,16,620.722,51,1149100032,/mnt/nvme/chharness/qpl-hardware-static-async+dsa-c1048576-w16-i16
silesia,snapshot,qpl-hardware-static-async+dsa,1048576,16,17,633.651,50,1149100032,/mnt/nvme/chharness/qpl-hardware-static-async+dsa-c1048576-w16-i17
silesia,snapshot,qpl-hardware-static-async+dsa,1048576,16,18,628.337,50,1149100032,/mnt/nvme/chharness/qpl-hardware-static-async+dsa-c1048576-w16-i18
silesia,snapshot,qpl-hardware-static-async+dsa,1048576,16,19,633.022,50,1149100032,/mnt/nvme/chharness/qpl-hardware-static-async+dsa-c1048576-w16-i19
silesia,snapshot,qpl-hardware-static-async+dsa,1048576,16,20,625.538,50,1149100032,/mnt/nvme/chharness/qpl-hardware-static-async+dsa-c1048576-w16-i20
silesia,snapshot,qpl-hardware-static-async+dsa,1048576,32,1,628.147,52,1149100032,/mnt/nvme/chharness/qpl-hardware-static-async+dsa-c1048576-w32-i1
silesia,snapshot,qpl-hardware-static-async+dsa,1048576,32,2,643.617,51,1149100032,/mnt/nvme/chharness/qpl-hardware-static-async+dsa-c1048576-w32-i2
silesia,snapshot,qpl-hardware-static-async+dsa,1048576,32,3,638.007,51,1149095936,/mnt/nvme/chharness/qpl-hardware-static-async+dsa-c1048576-w32-i3
silesia,snapshot,qpl-hardware-static-async+dsa,1048576,32,4,651.849,50,1149100032,/mnt/nvme/chharness/qpl-hardware-static-async+dsa-c1048576-w32-i4
silesia,snapshot,qpl-hardware-static-async+dsa,1048576,32,5,641.482,51,1149095936,/mnt/nvme/chharness/qpl-hardware-static-async+dsa-c1048576-w32-i5
silesia,snapshot,qpl-hardware-static-async+dsa,1048576,32,6,637.730,51,1149100032,/mnt/nvme/chharness/qpl-hardware-static-async+dsa-c1048576-w32-i6
silesia,snapshot,qpl-hardware-static-async+dsa,1048576,32,7,633.859,51,1149100032,/mnt/nvme/chharness/qpl-hardware-static-async+dsa-c1048576-w32-i7
silesia,snapshot,qpl-hardware-static-async+dsa,1048576,32,8,641.124,50,1149100032,/mnt/nvme/chharness/qpl-hardware-static-async+dsa-c1048576-w32-i8
silesia,snapshot,qpl-hardware-static-async+dsa,1048576,32,9,630.501,51,1149100032,/mnt/nvme/chharness/qpl-hardware-static-async+dsa-c1048576-w32-i9
silesia,snapshot,qpl-hardware-static-async+dsa,1048576,32,10,638.665,50,1149100032,/mnt/nvme/chharness/qpl-hardware-static-async+dsa-c1048576-w32-i10
silesia,snapshot,qpl-hardware-static-async+dsa,1048576,32,11,634.557,51,1149100032,/mnt/nvme/chharness/qpl-hardware-static-async+dsa-c1048576-w32-i11
silesia,snapshot,qpl-hardware-static-async+dsa,1048576,32,12,641.480,50,1149100032,/mnt/nvme/chharness/qpl-hardware-static-async+dsa-c1048576-w32-i12
silesia,snapshot,qpl-hardware-static-async+dsa,1048576,32,13,633.161,51,1149100032,/mnt/nvme/chharness/qpl-hardware-static-async+dsa-c1048576-w32-i13
silesia,snapshot,qpl-hardware-static-async+dsa,1048576,32,14,637.001,51,1149100032,/mnt/nvme/chharness/qpl-hardware-static-async+dsa-c1048576-w32-i14
silesia,snapshot,qpl-hardware-static-async+dsa,1048576,32,15,628.589,51,1149100032,/mnt/nvme/chharness/qpl-hardware-static-async+dsa-c1048576-w32-i15
silesia,snapshot,qpl-hardware-static-async+dsa,1048576,32,16,640.842,50,1149100032,/mnt/nvme/chharness/qpl-hardware-static-async+dsa-c1048576-w32-i16
silesia,snapshot,qpl-hardware-static-async+dsa,1048576,32,17,634.888,51,1149100032,/mnt/nvme/chharness/qpl-hardware-static-async+dsa-c1048576-w32-i17
silesia,snapshot,qpl-hardware-static-async+dsa,1048576,32,18,646.519,50,1149100032,/mnt/nvme/chharness/qpl-hardware-static-async+dsa-c1048576-w32-i18
silesia,snapshot,qpl-hardware-static-async+dsa,1048576,32,19,639.618,51,1149100032,/mnt/nvme/chharness/qpl-hardware-static-async+dsa-c1048576-w32-i19
silesia,snapshot,qpl-hardware-static-async+dsa,1048576,32,20,645.937,50,1149100032,/mnt/nvme/chharness/qpl-hardware-static-async+dsa-c1048576-w32-i20
silesia,snapshot,qpl-hardware-dynamic-async,1048576,8,1,1557.798,78,980176896,/mnt/nvme/chharness/qpl-hardware-dynamic-async-c1048576-w8-i1
silesia,snapshot,qpl-hardware-dynamic-async,1048576,8,2,1510.915,78,980176896,/mnt/nvme/chharness/qpl-hardware-dynamic-async-c1048576-w8-i2
silesia,snapshot,qpl-hardware-dynamic-async,1048576,8,3,1520.570,78,980176896,/mnt/nvme/chharness/qpl-hardware-dynamic-async-c1048576-w8-i3
silesia,snapshot,qpl-hardware-dynamic-async,1048576,8,4,1509.984,78,980176896,/mnt/nvme/chharness/qpl-hardware-dynamic-async-c1048576-w8-i4
silesia,snapshot,qpl-hardware-dynamic-async,1048576,8,5,1512.493,78,980176896,/mnt/nvme/chharness/qpl-hardware-dynamic-async-c1048576-w8-i5
silesia,snapshot,qpl-hardware-dynamic-async,1048576,8,6,1519.208,78,980176896,/mnt/nvme/chharness/qpl-hardware-dynamic-async-c1048576-w8-i6
silesia,snapshot,qpl-hardware-dynamic-async,1048576,8,7,1506.313,78,980176896,/mnt/nvme/chharness/qpl-hardware-dynamic-async-c1048576-w8-i7
silesia,snapshot,qpl-hardware-dynamic-async,1048576,8,8,1516.865,78,980176896,/mnt/nvme/chharness/qpl-hardware-dynamic-async-c1048576-w8-i8
silesia,snapshot,qpl-hardware-dynamic-async,1048576,8,9,1503.542,78,980176896,/mnt/nvme/chharness/qpl-hardware-dynamic-async-c1048576-w8-i9
silesia,snapshot,qpl-hardware-dynamic-async,1048576,8,10,1544.497,79,980176896,/mnt/nvme/chharness/qpl-hardware-dynamic-async-c1048576-w8-i10
silesia,snapshot,qpl-hardware-dynamic-async,1048576,8,11,1582.594,79,980176896,/mnt/nvme/chharness/qpl-hardware-dynamic-async-c1048576-w8-i11
silesia,snapshot,qpl-hardware-dynamic-async,1048576,8,12,1501.409,78,980176896,/mnt/nvme/chharness/qpl-hardware-dynamic-async-c1048576-w8-i12
silesia,snapshot,qpl-hardware-dynamic-async,1048576,8,13,1509.694,78,980176896,/mnt/nvme/chharness/qpl-hardware-dynamic-async-c1048576-w8-i13
silesia,snapshot,qpl-hardware-dynamic-async,1048576,8,14,1511.933,78,980176896,/mnt/nvme/chharness/qpl-hardware-dynamic-async-c1048576-w8-i14
silesia,snapshot,qpl-hardware-dynamic-async,1048576,8,15,1509.242,78,980176896,/mnt/nvme/chharness/qpl-hardware-dynamic-async-c1048576-w8-i15
silesia,snapshot,qpl-hardware-dynamic-async,1048576,8,16,1508.951,78,980176896,/mnt/nvme/chharness/qpl-hardware-dynamic-async-c1048576-w8-i16
silesia,snapshot,qpl-hardware-dynamic-async,1048576,8,17,1511.901,78,980176896,/mnt/nvme/chharness/qpl-hardware-dynamic-async-c1048576-w8-i17
silesia,snapshot,qpl-hardware-dynamic-async,1048576,8,18,1516.934,78,980176896,/mnt/nvme/chharness/qpl-hardware-dynamic-async-c1048576-w8-i18
silesia,snapshot,qpl-hardware-dynamic-async,1048576,8,19,1506.086,78,980176896,/mnt/nvme/chharness/qpl-hardware-dynamic-async-c1048576-w8-i19
silesia,snapshot,qpl-hardware-dynamic-async,1048576,8,20,1581.479,78,980176896,/mnt/nvme/chharness/qpl-hardware-dynamic-async-c1048576-w8-i20
silesia,snapshot,qpl-hardware-dynamic-async,1048576,16,1,1474.444,77,980176896,/mnt/nvme/chharness/qpl-hardware-dynamic-async-c1048576-w16-i1
silesia,snapshot,qpl-hardware-dynamic-async,1048576,16,2,1485.754,78,980176896,/mnt/nvme/chharness/qpl-hardware-dynamic-async-c1048576-w16-i2
silesia,snapshot,qpl-hardware-dynamic-async,1048576,16,3,1437.420,77,980176896,/mnt/nvme/chharness/qpl-hardware-dynamic-async-c1048576-w16-i3
silesia,snapshot,qpl-hardware-dynamic-async,1048576,16,4,1437.052,77,980176896,/mnt/nvme/chharness/qpl-hardware-dynamic-async-c1048576-w16-i4
silesia,snapshot,qpl-hardware-dynamic-async,1048576,16,5,1432.415,77,980176896,/mnt/nvme/chharness/qpl-hardware-dynamic-async-c1048576-w16-i5
silesia,snapshot,qpl-hardware-dynamic-async,1048576,16,6,1448.837,77,980176896,/mnt/nvme/chharness/qpl-hardware-dynamic-async-c1048576-w16-i6
silesia,snapshot,qpl-hardware-dynamic-async,1048576,16,7,1432.191,77,980176896,/mnt/nvme/chharness/qpl-hardware-dynamic-async-c1048576-w16-i7
silesia,snapshot,qpl-hardware-dynamic-async,1048576,16,8,1425.978,77,980176896,/mnt/nvme/chharness/qpl-hardware-dynamic-async-c1048576-w16-i8
silesia,snapshot,qpl-hardware-dynamic-async,1048576,16,9,1430.404,77,980176896,/mnt/nvme/chharness/qpl-hardware-dynamic-async-c1048576-w16-i9
silesia,snapshot,qpl-hardware-dynamic-async,1048576,16,10,1434.582,77,980176896,/mnt/nvme/chharness/qpl-hardware-dynamic-async-c1048576-w16-i10
silesia,snapshot,qpl-hardware-dynamic-async,1048576,16,11,1443.397,76,980176896,/mnt/nvme/chharness/qpl-hardware-dynamic-async-c1048576-w16-i11
silesia,snapshot,qpl-hardware-dynamic-async,1048576,16,12,1429.473,77,980176896,/mnt/nvme/chharness/qpl-hardware-dynamic-async-c1048576-w16-i12
silesia,snapshot,qpl-hardware-dynamic-async,1048576,16,13,1441.628,77,980176896,/mnt/nvme/chharness/qpl-hardware-dynamic-async-c1048576-w16-i13
silesia,snapshot,qpl-hardware-dynamic-async,1048576,16,14,1430.758,77,980176896,/mnt/nvme/chharness/qpl-hardware-dynamic-async-c1048576-w16-i14
silesia,snapshot,qpl-hardware-dynamic-async,1048576,16,15,1429.218,77,980176896,/mnt/nvme/chharness/qpl-hardware-dynamic-async-c1048576-w16-i15
silesia,snapshot,qpl-hardware-dynamic-async,1048576,16,16,1440.194,77,980176896,/mnt/nvme/chharness/qpl-hardware-dynamic-async-c1048576-w16-i16
silesia,snapshot,qpl-hardware-dynamic-async,1048576,16,17,1432.314,77,980176896,/mnt/nvme/chharness/qpl-hardware-dynamic-async-c1048576-w16-i17
silesia,snapshot,qpl-hardware-dynamic-async,1048576,16,18,1444.924,77,980176896,/mnt/nvme/chharness/qpl-hardware-dynamic-async-c1048576-w16-i18
silesia,snapshot,qpl-hardware-dynamic-async,1048576,16,19,1431.664,77,980176896,/mnt/nvme/chharness/qpl-hardware-dynamic-async-c1048576-w16-i19
silesia,snapshot,qpl-hardware-dynamic-async,1048576,16,20,1439.645,77,980176896,/mnt/nvme/chharness/qpl-hardware-dynamic-async-c1048576-w16-i20
silesia,snapshot,qpl-hardware-dynamic-async,1048576,32,1,1452.153,77,980176896,/mnt/nvme/chharness/qpl-hardware-dynamic-async-c1048576-w32-i1
silesia,snapshot,qpl-hardware-dynamic-async,1048576,32,2,1465.288,77,980176896,/mnt/nvme/chharness/qpl-hardware-dynamic-async-c1048576-w32-i2
silesia,snapshot,qpl-hardware-dynamic-async,1048576,32,3,1456.462,77,980176896,/mnt/nvme/chharness/qpl-hardware-dynamic-async-c1048576-w32-i3
silesia,snapshot,qpl-hardware-dynamic-async,1048576,32,4,1473.351,77,980176896,/mnt/nvme/chharness/qpl-hardware-dynamic-async-c1048576-w32-i4
silesia,snapshot,qpl-hardware-dynamic-async,1048576,32,5,1456.093,77,980176896,/mnt/nvme/chharness/qpl-hardware-dynamic-async-c1048576-w32-i5
silesia,snapshot,qpl-hardware-dynamic-async,1048576,32,6,1453.312,77,980176896,/mnt/nvme/chharness/qpl-hardware-dynamic-async-c1048576-w32-i6
silesia,snapshot,qpl-hardware-dynamic-async,1048576,32,7,1451.845,78,980176896,/mnt/nvme/chharness/qpl-hardware-dynamic-async-c1048576-w32-i7
silesia,snapshot,qpl-hardware-dynamic-async,1048576,32,8,1455.119,78,980176896,/mnt/nvme/chharness/qpl-hardware-dynamic-async-c1048576-w32-i8
silesia,snapshot,qpl-hardware-dynamic-async,1048576,32,9,1462.883,77,980180992,/mnt/nvme/chharness/qpl-hardware-dynamic-async-c1048576-w32-i9
silesia,snapshot,qpl-hardware-dynamic-async,1048576,32,10,1459.126,77,980176896,/mnt/nvme/chharness/qpl-hardware-dynamic-async-c1048576-w32-i10
silesia,snapshot,qpl-hardware-dynamic-async,1048576,32,11,1464.966,77,980176896,/mnt/nvme/chharness/qpl-hardware-dynamic-async-c1048576-w32-i11
silesia,snapshot,qpl-hardware-dynamic-async,1048576,32,12,1463.772,77,980176896,/mnt/nvme/chharness/qpl-hardware-dynamic-async-c1048576-w32-i12
silesia,snapshot,qpl-hardware-dynamic-async,1048576,32,13,1452.893,77,980176896,/mnt/nvme/chharness/qpl-hardware-dynamic-async-c1048576-w32-i13
silesia,snapshot,qpl-hardware-dynamic-async,1048576,32,14,1455.116,78,980176896,/mnt/nvme/chharness/qpl-hardware-dynamic-async-c1048576-w32-i14
silesia,snapshot,qpl-hardware-dynamic-async,1048576,32,15,1456.889,77,980176896,/mnt/nvme/chharness/qpl-hardware-dynamic-async-c1048576-w32-i15
silesia,snapshot,qpl-hardware-dynamic-async,1048576,32,16,1471.245,77,980176896,/mnt/nvme/chharness/qpl-hardware-dynamic-async-c1048576-w32-i16
silesia,snapshot,qpl-hardware-dynamic-async,1048576,32,17,1455.479,77,980176896,/mnt/nvme/chharness/qpl-hardware-dynamic-async-c1048576-w32-i17
silesia,snapshot,qpl-hardware-dynamic-async,1048576,32,18,1463.573,77,980176896,/mnt/nvme/chharness/qpl-hardware-dynamic-async-c1048576-w32-i18
silesia,snapshot,qpl-hardware-dynamic-async,1048576,32,19,1451.249,78,980176896,/mnt/nvme/chharness/qpl-hardware-dynamic-async-c1048576-w32-i19
silesia,snapshot,qpl-hardware-dynamic-async,1048576,32,20,1453.217,78,980176896,/mnt/nvme/chharness/qpl-hardware-dynamic-async-c1048576-w32-i20
silesia,snapshot,qpl-hardware-dynamic-async+cpuslot,1048576,8,1,645.919,78,980180992,/mnt/nvme/chharness/qpl-hardware-dynamic-async+cpuslot-c1048576-w8-i1
silesia,snapshot,qpl-hardware-dynamic-async+cpuslot,1048576,8,2,651.503,79,980180992,/mnt/nvme/chharness/qpl-hardware-dynamic-async+cpuslot-c1048576-w8-i2
silesia,snapshot,qpl-hardware-dynamic-async+cpuslot,1048576,8,3,650.437,79,980176896,/mnt/nvme/chharness/qpl-hardware-dynamic-async+cpuslot-c1048576-w8-i3
silesia,snapshot,qpl-hardware-dynamic-async+cpuslot,1048576,8,4,652.992,78,980176896,/mnt/nvme/chharness/qpl-hardware-dynamic-async+cpuslot-c1048576-w8-i4
silesia,snapshot,qpl-hardware-dynamic-async+cpuslot,1048576,8,5,647.115,79,980176896,/mnt/nvme/chharness/qpl-hardware-dynamic-async+cpuslot-c1048576-w8-i5
silesia,snapshot,qpl-hardware-dynamic-async+cpuslot,1048576,8,6,642.908,79,980180992,/mnt/nvme/chharness/qpl-hardware-dynamic-async+cpuslot-c1048576-w8-i6
silesia,snapshot,qpl-hardware-dynamic-async+cpuslot,1048576,8,7,642.791,79,980180992,/mnt/nvme/chharness/qpl-hardware-dynamic-async+cpuslot-c1048576-w8-i7
silesia,snapshot,qpl-hardware-dynamic-async+cpuslot,1048576,8,8,644.191,79,980180992,/mnt/nvme/chharness/qpl-hardware-dynamic-async+cpuslot-c1048576-w8-i8
silesia,snapshot,qpl-hardware-dynamic-async+cpuslot,1048576,8,9,644.482,79,980180992,/mnt/nvme/chharness/qpl-hardware-dynamic-async+cpuslot-c1048576-w8-i9
silesia,snapshot,qpl-hardware-dynamic-async+cpuslot,1048576,8,10,644.405,79,980180992,/mnt/nvme/chharness/qpl-hardware-dynamic-async+cpuslot-c1048576-w8-i10
silesia,snapshot,qpl-hardware-dynamic-async+cpuslot,1048576,8,11,642.859,79,980180992,/mnt/nvme/chharness/qpl-hardware-dynamic-async+cpuslot-c1048576-w8-i11
silesia,snapshot,qpl-hardware-dynamic-async+cpuslot,1048576,8,12,651.229,79,980180992,/mnt/nvme/chharness/qpl-hardware-dynamic-async+cpuslot-c1048576-w8-i12
silesia,snapshot,qpl-hardware-dynamic-async+cpuslot,1048576,8,13,646.423,79,980180992,/mnt/nvme/chharness/qpl-hardware-dynamic-async+cpuslot-c1048576-w8-i13
silesia,snapshot,qpl-hardware-dynamic-async+cpuslot,1048576,8,14,643.894,79,980180992,/mnt/nvme/chharness/qpl-hardware-dynamic-async+cpuslot-c1048576-w8-i14
silesia,snapshot,qpl-hardware-dynamic-async+cpuslot,1048576,8,15,643.486,79,980180992,/mnt/nvme/chharness/qpl-hardware-dynamic-async+cpuslot-c1048576-w8-i15
silesia,snapshot,qpl-hardware-dynamic-async+cpuslot,1048576,8,16,652.797,78,980180992,/mnt/nvme/chharness/qpl-hardware-dynamic-async+cpuslot-c1048576-w8-i16
silesia,snapshot,qpl-hardware-dynamic-async+cpuslot,1048576,8,17,648.595,79,980180992,/mnt/nvme/chharness/qpl-hardware-dynamic-async+cpuslot-c1048576-w8-i17
silesia,snapshot,qpl-hardware-dynamic-async+cpuslot,1048576,8,18,647.917,79,980180992,/mnt/nvme/chharness/qpl-hardware-dynamic-async+cpuslot-c1048576-w8-i18
silesia,snapshot,qpl-hardware-dynamic-async+cpuslot,1048576,8,19,643.103,79,980180992,/mnt/nvme/chharness/qpl-hardware-dynamic-async+cpuslot-c1048576-w8-i19
silesia,snapshot,qpl-hardware-dynamic-async+cpuslot,1048576,8,20,646.867,78,980180992,/mnt/nvme/chharness/qpl-hardware-dynamic-async+cpuslot-c1048576-w8-i20
silesia,snapshot,qpl-hardware-dynamic-async+cpuslot,1048576,16,1,569.286,72,980180992,/mnt/nvme/chharness/qpl-hardware-dynamic-async+cpuslot-c1048576-w16-i1
silesia,snapshot,qpl-hardware-dynamic-async+cpuslot,1048576,16,2,561.993,72,980180992,/mnt/nvme/chharness/qpl-hardware-dynamic-async+cpuslot-c1048576-w16-i2
silesia,snapshot,qpl-hardware-dynamic-async+cpuslot,1048576,16,3,573.285,73,980176896,/mnt/nvme/chharness/qpl-hardware-dynamic-async+cpuslot-c1048576-w16-i3
silesia,snapshot,qpl-hardware-dynamic-async+cpuslot,1048576,16,4,566.734,72,980180992,/mnt/nvme/chharness/qpl-hardware-dynamic-async+cpuslot-c1048576-w16-i4
silesia,snapshot,qpl-hardware-dynamic-async+cpuslot,1048576,16,5,573.010,72,980176896,/mnt/nvme/chharness/qpl-hardware-dynamic-async+cpuslot-c1048576-w16-i5
silesia,snapshot,qpl-hardware-dynamic-async+cpuslot,1048576,16,6,560.255,73,980180992,/mnt/nvme/chharness/qpl-hardware-dynamic-async+cpuslot-c1048576-w16-i6
silesia,snapshot,qpl-hardware-dynamic-async+cpuslot,1048576,16,7,571.397,72,980180992,/mnt/nvme/chharness/qpl-hardware-dynamic-async+cpuslot-c1048576-w16-i7
silesia,snapshot,qpl-hardware-dynamic-async+cpuslot,1048576,16,8,554.299,73,980180992,/mnt/nvme/chharness/qpl-hardware-dynamic-async+cpuslot-c1048576-w16-i8
silesia,snapshot,qpl-hardware-dynamic-async+cpuslot,1048576,16,9,563.379,72,980180992,/mnt/nvme/chharness/qpl-hardware-dynamic-async+cpuslot-c1048576-w16-i9
silesia,snapshot,qpl-hardware-dynamic-async+cpuslot,1048576,16,10,570.917,72,980180992,/mnt/nvme/chharness/qpl-hardware-dynamic-async+cpuslot-c1048576-w16-i10
silesia,snapshot,qpl-hardware-dynamic-async+cpuslot,1048576,16,11,569.805,73,980180992,/mnt/nvme/chharness/qpl-hardware-dynamic-async+cpuslot-c1048576-w16-i11
silesia,snapshot,qpl-hardware-dynamic-async+cpuslot,1048576,16,12,574.636,72,980180992,/mnt/nvme/chharness/qpl-hardware-dynamic-async+cpuslot-c1048576-w16-i12
silesia,snapshot,qpl-hardware-dynamic-async+cpuslot,1048576,16,13,567.091,73,980180992,/mnt/nvme/chharness/qpl-hardware-dynamic-async+cpuslot-c1048576-w16-i13
silesia,snapshot,qpl-hardware-dynamic-async+cpuslot,1048576,16,14,578.903,71,980180992,/mnt/nvme/chharness/qpl-hardware-dynamic-async+cpuslot-c1048576-w16-i14
silesia,snapshot,qpl-hardware-dynamic-async+cpuslot,1048576,16,15,569.402,72,980180992,/mnt/nvme/chharness/qpl-hardware-dynamic-async+cpuslot-c1048576-w16-i15
silesia,snapshot,qpl-hardware-dynamic-async+cpuslot,1048576,16,16,558.765,73,980180992,/mnt/nvme/chharness/qpl-hardware-dynamic-async+cpuslot-c1048576-w16-i16
silesia,snapshot,qpl-hardware-dynamic-async+cpuslot,1048576,16,17,574.868,71,980180992,/mnt/nvme/chharness/qpl-hardware-dynamic-async+cpuslot-c1048576-w16-i17
silesia,snapshot,qpl-hardware-dynamic-async+cpuslot,1048576,16,18,559.663,73,980180992,/mnt/nvme/chharness/qpl-hardware-dynamic-async+cpuslot-c1048576-w16-i18
silesia,snapshot,qpl-hardware-dynamic-async+cpuslot,1048576,16,19,578.737,71,980180992,/mnt/nvme/chharness/qpl-hardware-dynamic-async+cpuslot-c1048576-w16-i19
silesia,snapshot,qpl-hardware-dynamic-async+cpuslot,1048576,16,20,563.127,72,980180992,/mnt/nvme/chharness/qpl-hardware-dynamic-async+cpuslot-c1048576-w16-i20
silesia,snapshot,qpl-hardware-dynamic-async+cpuslot,1048576,32,1,581.599,59,980180992,/mnt/nvme/chharness/qpl-hardware-dynamic-async+cpuslot-c1048576-w32-i1
silesia,snapshot,qpl-hardware-dynamic-async+cpuslot,1048576,32,2,581.665,60,980180992,/mnt/nvme/chharness/qpl-hardware-dynamic-async+cpuslot-c1048576-w32-i2
silesia,snapshot,qpl-hardware-dynamic-async+cpuslot,1048576,32,3,588.507,59,980176896,/mnt/nvme/chharness/qpl-hardware-dynamic-async+cpuslot-c1048576-w32-i3
silesia,snapshot,qpl-hardware-dynamic-async+cpuslot,1048576,32,4,575.650,60,980176896,/mnt/nvme/chharness/qpl-hardware-dynamic-async+cpuslot-c1048576-w32-i4
silesia,snapshot,qpl-hardware-dynamic-async+cpuslot,1048576,32,5,586.390,60,980176896,/mnt/nvme/chharness/qpl-hardware-dynamic-async+cpuslot-c1048576-w32-i5
silesia,snapshot,qpl-hardware-dynamic-async+cpuslot,1048576,32,6,582.273,59,980176896,/mnt/nvme/chharness/qpl-hardware-dynamic-async+cpuslot-c1048576-w32-i6
silesia,snapshot,qpl-hardware-dynamic-async+cpuslot,1048576,32,7,586.433,59,980180992,/mnt/nvme/chharness/qpl-hardware-dynamic-async+cpuslot-c1048576-w32-i7
silesia,snapshot,qpl-hardware-dynamic-async+cpuslot,1048576,32,8,576.685,60,980180992,/mnt/nvme/chharness/qpl-hardware-dynamic-async+cpuslot-c1048576-w32-i8
silesia,snapshot,qpl-hardware-dynamic-async+cpuslot,1048576,32,9,572.947,60,980180992,/mnt/nvme/chharness/qpl-hardware-dynamic-async+cpuslot-c1048576-w32-i9
silesia,snapshot,qpl-hardware-dynamic-async+cpuslot,1048576,32,10,587.776,59,980180992,/mnt/nvme/chharness/qpl-hardware-dynamic-async+cpuslot-c1048576-w32-i10
silesia,snapshot,qpl-hardware-dynamic-async+cpuslot,1048576,32,11,575.750,60,980180992,/mnt/nvme/chharness/qpl-hardware-dynamic-async+cpuslot-c1048576-w32-i11
silesia,snapshot,qpl-hardware-dynamic-async+cpuslot,1048576,32,12,585.170,59,980180992,/mnt/nvme/chharness/qpl-hardware-dynamic-async+cpuslot-c1048576-w32-i12
silesia,snapshot,qpl-hardware-dynamic-async+cpuslot,1048576,32,13,575.902,60,980180992,/mnt/nvme/chharness/qpl-hardware-dynamic-async+cpuslot-c1048576-w32-i13
silesia,snapshot,qpl-hardware-dynamic-async+cpuslot,1048576,32,14,572.715,60,980180992,/mnt/nvme/chharness/qpl-hardware-dynamic-async+cpuslot-c1048576-w32-i14
silesia,snapshot,qpl-hardware-dynamic-async+cpuslot,1048576,32,15,585.457,58,980180992,/mnt/nvme/chharness/qpl-hardware-dynamic-async+cpuslot-c1048576-w32-i15
silesia,snapshot,qpl-hardware-dynamic-async+cpuslot,1048576,32,16,581.862,60,980180992,/mnt/nvme/chharness/qpl-hardware-dynamic-async+cpuslot-c1048576-w32-i16
silesia,snapshot,qpl-hardware-dynamic-async+cpuslot,1048576,32,17,586.924,61,980180992,/mnt/nvme/chharness/qpl-hardware-dynamic-async+cpuslot-c1048576-w32-i17
silesia,snapshot,qpl-hardware-dynamic-async+cpuslot,1048576,32,18,575.450,61,980180992,/mnt/nvme/chharness/qpl-hardware-dynamic-async+cpuslot-c1048576-w32-i18
silesia,snapshot,qpl-hardware-dynamic-async+cpuslot,1048576,32,19,582.591,59,980180992,/mnt/nvme/chharness/qpl-hardware-dynamic-async+cpuslot-c1048576-w32-i19
silesia,snapshot,qpl-hardware-dynamic-async+cpuslot,1048576,32,20,578.870,61,980180992,/mnt/nvme/chharness/qpl-hardware-dynamic-async+cpuslot-c1048576-w32-i20
silesia,snapshot,qpl-hardware-dynamic-async+dsaslot,1048576,8,1,639.924,78,980180992,/mnt/nvme/chharness/qpl-hardware-dynamic-async+dsaslot-c1048576-w8-i1
silesia,snapshot,qpl-hardware-dynamic-async+dsaslot,1048576,8,2,646.124,79,980180992,/mnt/nvme/chharness/qpl-hardware-dynamic-async+dsaslot-c1048576-w8-i2
silesia,snapshot,qpl-hardware-dynamic-async+dsaslot,1048576,8,3,645.534,78,980176896,/mnt/nvme/chharness/qpl-hardware-dynamic-async+dsaslot-c1048576-w8-i3
silesia,snapshot,qpl-hardware-dynamic-async+dsaslot,1048576,8,4,643.193,79,980180992,/mnt/nvme/chharness/qpl-hardware-dynamic-async+dsaslot-c1048576-w8-i4
silesia,snapshot,qpl-hardware-dynamic-async+dsaslot,1048576,8,5,644.266,78,980176896,/mnt/nvme/chharness/qpl-hardware-dynamic-async+dsaslot-c1048576-w8-i5
silesia,snapshot,qpl-hardware-dynamic-async+dsaslot,1048576,8,6,642.125,78,980180992,/mnt/nvme/chharness/qpl-hardware-dynamic-async+dsaslot-c1048576-w8-i6
silesia,snapshot,qpl-hardware-dynamic-async+dsaslot,1048576,8,7,639.086,78,980180992,/mnt/nvme/chharness/qpl-hardware-dynamic-async+dsaslot-c1048576-w8-i7
silesia,snapshot,qpl-hardware-dynamic-async+dsaslot,1048576,8,8,637.188,78,980180992,/mnt/nvme/chharness/qpl-hardware-dynamic-async+dsaslot-c1048576-w8-i8
silesia,snapshot,qpl-hardware-dynamic-async+dsaslot,1048576,8,9,638.889,78,980180992,/mnt/nvme/chharness/qpl-hardware-dynamic-async+dsaslot-c1048576-w8-i9
silesia,snapshot,qpl-hardware-dynamic-async+dsaslot,1048576,8,10,640.477,78,980180992,/mnt/nvme/chharness/qpl-hardware-dynamic-async+dsaslot-c1048576-w8-i10
silesia,snapshot,qpl-hardware-dynamic-async+dsaslot,1048576,8,11,640.001,78,980180992,/mnt/nvme/chharness/qpl-hardware-dynamic-async+dsaslot-c1048576-w8-i11
silesia,snapshot,qpl-hardware-dynamic-async+dsaslot,1048576,8,12,648.895,77,980180992,/mnt/nvme/chharness/qpl-hardware-dynamic-async+dsaslot-c1048576-w8-i12
silesia,snapshot,qpl-hardware-dynamic-async+dsaslot,1048576,8,13,640.048,78,980180992,/mnt/nvme/chharness/qpl-hardware-dynamic-async+dsaslot-c1048576-w8-i13
silesia,snapshot,qpl-hardware-dynamic-async+dsaslot,1048576,8,14,641.172,78,980180992,/mnt/nvme/chharness/qpl-hardware-dynamic-async+dsaslot-c1048576-w8-i14
silesia,snapshot,qpl-hardware-dynamic-async+dsaslot,1048576,8,15,638.079,78,980180992,/mnt/nvme/chharness/qpl-hardware-dynamic-async+dsaslot-c1048576-w8-i15
silesia,snapshot,qpl-hardware-dynamic-async+dsaslot,1048576,8,16,640.122,78,980180992,/mnt/nvme/chharness/qpl-hardware-dynamic-async+dsaslot-c1048576-w8-i16
silesia,snapshot,qpl-hardware-dynamic-async+dsaslot,1048576,8,17,640.432,78,980180992,/mnt/nvme/chharness/qpl-hardware-dynamic-async+dsaslot-c1048576-w8-i17
silesia,snapshot,qpl-hardware-dynamic-async+dsaslot,1048576,8,18,637.935,78,980180992,/mnt/nvme/chharness/qpl-hardware-dynamic-async+dsaslot-c1048576-w8-i18
silesia,snapshot,qpl-hardware-dynamic-async+dsaslot,1048576,8,19,642.105,78,980180992,/mnt/nvme/chharness/qpl-hardware-dynamic-async+dsaslot-c1048576-w8-i19
silesia,snapshot,qpl-hardware-dynamic-async+dsaslot,1048576,8,20,637.686,78,980180992,/mnt/nvme/chharness/qpl-hardware-dynamic-async+dsaslot-c1048576-w8-i20
silesia,snapshot,qpl-hardware-dynamic-async+dsaslot,1048576,16,1,573.755,71,980180992,/mnt/nvme/chharness/qpl-hardware-dynamic-async+dsaslot-c1048576-w16-i1
silesia,snapshot,qpl-hardware-dynamic-async+dsaslot,1048576,16,2,560.677,73,980180992,/mnt/nvme/chharness/qpl-hardware-dynamic-async+dsaslot-c1048576-w16-i2
silesia,snapshot,qpl-hardware-dynamic-async+dsaslot,1048576,16,3,566.917,71,980176896,/mnt/nvme/chharness/qpl-hardware-dynamic-async+dsaslot-c1048576-w16-i3
silesia,snapshot,qpl-hardware-dynamic-async+dsaslot,1048576,16,4,557.068,72,980176896,/mnt/nvme/chharness/qpl-hardware-dynamic-async+dsaslot-c1048576-w16-i4
silesia,snapshot,qpl-hardware-dynamic-async+dsaslot,1048576,16,5,551.972,73,980176896,/mnt/nvme/chharness/qpl-hardware-dynamic-async+dsaslot-c1048576-w16-i5
silesia,snapshot,qpl-hardware-dynamic-async+dsaslot,1048576,16,6,570.006,71,980176896,/mnt/nvme/chharness/qpl-hardware-dynamic-async+dsaslot-c1048576-w16-i6
silesia,snapshot,qpl-hardware-dynamic-async+dsaslot,1048576,16,7,570.111,71,980180992,/mnt/nvme/chharness/qpl-hardware-dynamic-async+dsaslot-c1048576-w16-i7
silesia,snapshot,qpl-hardware-dynamic-async+dsaslot,1048576,16,8,565.889,71,980180992,/mnt/nvme/chharness/qpl-hardware-dynamic-async+dsaslot-c1048576-w16-i8
silesia,snapshot,qpl-hardware-dynamic-async+dsaslot,1048576,16,9,558.364,72,980180992,/mnt/nvme/chharness/qpl-hardware-dynamic-async+dsaslot-c1048576-w16-i9
silesia,snapshot,qpl-hardware-dynamic-async+dsaslot,1048576,16,10,560.211,72,980180992,/mnt/nvme/chharness/qpl-hardware-dynamic-async+dsaslot-c1048576-w16-i10
silesia,snapshot,qpl-hardware-dynamic-async+dsaslot,1048576,16,11,564.001,71,980180992,/mnt/nvme/chharness/qpl-hardware-dynamic-async+dsaslot-c1048576-w16-i11
silesia,snapshot,qpl-hardware-dynamic-async+dsaslot,1048576,16,12,568.621,71,980180992,/mnt/nvme/chharness/qpl-hardware-dynamic-async+dsaslot-c1048576-w16-i12
silesia,snapshot,qpl-hardware-dynamic-async+dsaslot,1048576,16,13,584.797,69,980180992,/mnt/nvme/chharness/qpl-hardware-dynamic-async+dsaslot-c1048576-w16-i13
silesia,snapshot,qpl-hardware-dynamic-async+dsaslot,1048576,16,14,575.761,70,980180992,/mnt/nvme/chharness/qpl-hardware-dynamic-async+dsaslot-c1048576-w16-i14
silesia,snapshot,qpl-hardware-dynamic-async+dsaslot,1048576,16,15,579.522,70,980180992,/mnt/nvme/chharness/qpl-hardware-dynamic-async+dsaslot-c1048576-w16-i15
silesia,snapshot,qpl-hardware-dynamic-async+dsaslot,1048576,16,16,562.983,72,980180992,/mnt/nvme/chharness/qpl-hardware-dynamic-async+dsaslot-c1048576-w16-i16
silesia,snapshot,qpl-hardware-dynamic-async+dsaslot,1048576,16,17,565.235,71,980180992,/mnt/nvme/chharness/qpl-hardware-dynamic-async+dsaslot-c1048576-w16-i17
silesia,snapshot,qpl-hardware-dynamic-async+dsaslot,1048576,16,18,564.429,72,980180992,/mnt/nvme/chharness/qpl-hardware-dynamic-async+dsaslot-c1048576-w16-i18
silesia,snapshot,qpl-hardware-dynamic-async+dsaslot,1048576,16,19,554.716,72,980180992,/mnt/nvme/chharness/qpl-hardware-dynamic-async+dsaslot-c1048576-w16-i19
silesia,snapshot,qpl-hardware-dynamic-async+dsaslot,1048576,16,20,566.649,72,980180992,/mnt/nvme/chharness/qpl-hardware-dynamic-async+dsaslot-c1048576-w16-i20
silesia,snapshot,qpl-hardware-dynamic-async+dsaslot,1048576,32,1,578.570,57,980180992,/mnt/nvme/chharness/qpl-hardware-dynamic-async+dsaslot-c1048576-w32-i1
silesia,snapshot,qpl-hardware-dynamic-async+dsaslot,1048576,32,2,570.293,59,980180992,/mnt/nvme/chharness/qpl-hardware-dynamic-async+dsaslot-c1048576-w32-i2
silesia,snapshot,qpl-hardware-dynamic-async+dsaslot,1048576,32,3,572.644,60,980176896,/mnt/nvme/chharness/qpl-hardware-dynamic-async+dsaslot-c1048576-w32-i3
silesia,snapshot,qpl-hardware-dynamic-async+dsaslot,1048576,32,4,593.099,58,980180992,/mnt/nvme/chharness/qpl-hardware-dynamic-async+dsaslot-c1048576-w32-i4
silesia,snapshot,qpl-hardware-dynamic-async+dsaslot,1048576,32,5,577.906,58,980176896,/mnt/nvme/chharness/qpl-hardware-dynamic-async+dsaslot-c1048576-w32-i5
silesia,snapshot,qpl-hardware-dynamic-async+dsaslot,1048576,32,6,582.705,58,980180992,/mnt/nvme/chharness/qpl-hardware-dynamic-async+dsaslot-c1048576-w32-i6
silesia,snapshot,qpl-hardware-dynamic-async+dsaslot,1048576,32,7,569.129,60,980180992,/mnt/nvme/chharness/qpl-hardware-dynamic-async+dsaslot-c1048576-w32-i7
silesia,snapshot,qpl-hardware-dynamic-async+dsaslot,1048576,32,8,578.809,59,980180992,/mnt/nvme/chharness/qpl-hardware-dynamic-async+dsaslot-c1048576-w32-i8
silesia,snapshot,qpl-hardware-dynamic-async+dsaslot,1048576,32,9,574.313,58,980180992,/mnt/nvme/chharness/qpl-hardware-dynamic-async+dsaslot-c1048576-w32-i9
silesia,snapshot,qpl-hardware-dynamic-async+dsaslot,1048576,32,10,570.409,59,980180992,/mnt/nvme/chharness/qpl-hardware-dynamic-async+dsaslot-c1048576-w32-i10
silesia,snapshot,qpl-hardware-dynamic-async+dsaslot,1048576,32,11,585.039,59,980180992,/mnt/nvme/chharness/qpl-hardware-dynamic-async+dsaslot-c1048576-w32-i11
silesia,snapshot,qpl-hardware-dynamic-async+dsaslot,1048576,32,12,571.798,59,980180992,/mnt/nvme/chharness/qpl-hardware-dynamic-async+dsaslot-c1048576-w32-i12
silesia,snapshot,qpl-hardware-dynamic-async+dsaslot,1048576,32,13,585.566,59,980180992,/mnt/nvme/chharness/qpl-hardware-dynamic-async+dsaslot-c1048576-w32-i13
silesia,snapshot,qpl-hardware-dynamic-async+dsaslot,1048576,32,14,578.072,58,980180992,/mnt/nvme/chharness/qpl-hardware-dynamic-async+dsaslot-c1048576-w32-i14
silesia,snapshot,qpl-hardware-dynamic-async+dsaslot,1048576,32,15,584.993,59,980180992,/mnt/nvme/chharness/qpl-hardware-dynamic-async+dsaslot-c1048576-w32-i15
silesia,snapshot,qpl-hardware-dynamic-async+dsaslot,1048576,32,16,575.300,58,980180992,/mnt/nvme/chharness/qpl-hardware-dynamic-async+dsaslot-c1048576-w32-i16
silesia,snapshot,qpl-hardware-dynamic-async+dsaslot,1048576,32,17,571.464,59,980180992,/mnt/nvme/chharness/qpl-hardware-dynamic-async+dsaslot-c1048576-w32-i17
silesia,snapshot,qpl-hardware-dynamic-async+dsaslot,1048576,32,18,583.130,58,980180992,/mnt/nvme/chharness/qpl-hardware-dynamic-async+dsaslot-c1048576-w32-i18
silesia,snapshot,qpl-hardware-dynamic-async+dsaslot,1048576,32,19,569.555,58,980180992,/mnt/nvme/chharness/qpl-hardware-dynamic-async+dsaslot-c1048576-w32-i19
silesia,snapshot,qpl-hardware-dynamic-async+dsaslot,1048576,32,20,580.128,57,980180992,/mnt/nvme/chharness/qpl-hardware-dynamic-async+dsaslot-c1048576-w32-i20
silesia,snapshot,qpl-hardware-dynamic-async+cpu,1048576,8,1,565.599,79,980176896,/mnt/nvme/chharness/qpl-hardware-dynamic-async+cpu-c1048576-w8-i1
silesia,snapshot,qpl-hardware-dynamic-async+cpu,1048576,8,2,565.124,81,980180992,/mnt/nvme/chharness/qpl-hardware-dynamic-async+cpu-c1048576-w8-i2
silesia,snapshot,qpl-hardware-dynamic-async+cpu,1048576,8,3,580.505,78,980176896,/mnt/nvme/chharness/qpl-hardware-dynamic-async+cpu-c1048576-w8-i3
silesia,snapshot,qpl-hardware-dynamic-async+cpu,1048576,8,4,595.590,76,980180992,/mnt/nvme/chharness/qpl-hardware-dynamic-async+cpu-c1048576-w8-i4
silesia,snapshot,qpl-hardware-dynamic-async+cpu,1048576,8,5,563.293,80,980176896,/mnt/nvme/chharness/qpl-hardware-dynamic-async+cpu-c1048576-w8-i5
silesia,snapshot,qpl-hardware-dynamic-async+cpu,1048576,8,6,588.682,77,980180992,/mnt/nvme/chharness/qpl-hardware-dynamic-async+cpu-c1048576-w8-i6
silesia,snapshot,qpl-hardware-dynamic-async+cpu,1048576,8,7,559.615,80,980176896,/mnt/nvme/chharness/qpl-hardware-dynamic-async+cpu-c1048576-w8-i7
silesia,snapshot,qpl-hardware-dynamic-async+cpu,1048576,8,8,577.405,78,980176896,/mnt/nvme/chharness/qpl-hardware-dynamic-async+cpu-c1048576-w8-i8
silesia,snapshot,qpl-hardware-dynamic-async+cpu,1048576,8,9,578.781,78,980180992,/mnt/nvme/chharness/qpl-hardware-dynamic-async+cpu-c1048576-w8-i9
silesia,snapshot,qpl-hardware-dynamic-async+cpu,1048576,8,10,558.764,80,980176896,/mnt/nvme/chharness/qpl-hardware-dynamic-async+cpu-c1048576-w8-i10
silesia,snapshot,qpl-hardware-dynamic-async+cpu,1048576,8,11,567.762,79,980176896,/mnt/nvme/chharness/qpl-hardware-dynamic-async+cpu-c1048576-w8-i11
silesia,snapshot,qpl-hardware-dynamic-async+cpu,1048576,8,12,559.673,80,980176896,/mnt/nvme/chharness/qpl-hardware-dynamic-async+cpu-c1048576-w8-i12
silesia,snapshot,qpl-hardware-dynamic-async+cpu,1048576,8,13,564.675,79,980176896,/mnt/nvme/chharness/qpl-hardware-dynamic-async+cpu-c1048576-w8-i13
silesia,snapshot,qpl-hardware-dynamic-async+cpu,1048576,8,14,559.494,80,980176896,/mnt/nvme/chharness/qpl-hardware-dynamic-async+cpu-c1048576-w8-i14
silesia,snapshot,qpl-hardware-dynamic-async+cpu,1048576,8,15,576.278,78,980176896,/mnt/nvme/chharness/qpl-hardware-dynamic-async+cpu-c1048576-w8-i15
silesia,snapshot,qpl-hardware-dynamic-async+cpu,1048576,8,16,581.482,78,980176896,/mnt/nvme/chharness/qpl-hardware-dynamic-async+cpu-c1048576-w8-i16
silesia,snapshot,qpl-hardware-dynamic-async+cpu,1048576,8,17,559.570,80,980176896,/mnt/nvme/chharness/qpl-hardware-dynamic-async+cpu-c1048576-w8-i17
silesia,snapshot,qpl-hardware-dynamic-async+cpu,1048576,8,18,591.662,77,980176896,/mnt/nvme/chharness/qpl-hardware-dynamic-async+cpu-c1048576-w8-i18
silesia,snapshot,qpl-hardware-dynamic-async+cpu,1048576,8,19,565.158,79,980176896,/mnt/nvme/chharness/qpl-hardware-dynamic-async+cpu-c1048576-w8-i19
silesia,snapshot,qpl-hardware-dynamic-async+cpu,1048576,8,20,587.484,77,980176896,/mnt/nvme/chharness/qpl-hardware-dynamic-async+cpu-c1048576-w8-i20
silesia,snapshot,qpl-hardware-dynamic-async+cpu,1048576,16,1,559.992,62,980180992,/mnt/nvme/chharness/qpl-hardware-dynamic-async+cpu-c1048576-w16-i1
silesia,snapshot,qpl-hardware-dynamic-async+cpu,1048576,16,2,564.626,63,980176896,/mnt/nvme/chharness/qpl-hardware-dynamic-async+cpu-c1048576-w16-i2
silesia,snapshot,qpl-hardware-dynamic-async+cpu,1048576,16,3,555.732,65,980176896,/mnt/nvme/chharness/qpl-hardware-dynamic-async+cpu-c1048576-w16-i3
silesia,snapshot,qpl-hardware-dynamic-async+cpu,1048576,16,4,561.821,60,980180992,/mnt/nvme/chharness/qpl-hardware-dynamic-async+cpu-c1048576-w16-i4
silesia,snapshot,qpl-hardware-dynamic-async+cpu,1048576,16,5,557.710,66,980176896,/mnt/nvme/chharness/qpl-hardware-dynamic-async+cpu-c1048576-w16-i5
silesia,snapshot,qpl-hardware-dynamic-async+cpu,1048576,16,6,553.332,61,980176896,/mnt/nvme/chharness/qpl-hardware-dynamic-async+cpu-c1048576-w16-i6
silesia,snapshot,qpl-hardware-dynamic-async+cpu,1048576,16,7,566.367,64,980176896,/mnt/nvme/chharness/qpl-hardware-dynamic-async+cpu-c1048576-w16-i7
silesia,snapshot,qpl-hardware-dynamic-async+cpu,1048576,16,8,559.501,61,980176896,/mnt/nvme/chharness/qpl-hardware-dynamic-async+cpu-c1048576-w16-i8
silesia,snapshot,qpl-hardware-dynamic-async+cpu,1048576,16,9,569.281,64,980176896,/mnt/nvme/chharness/qpl-hardware-dynamic-async+cpu-c1048576-w16-i9
silesia,snapshot,qpl-hardware-dynamic-async+cpu,1048576,16,10,560.121,64,980176896,/mnt/nvme/chharness/qpl-hardware-dynamic-async+cpu-c1048576-w16-i10
silesia,snapshot,qpl-hardware-dynamic-async+cpu,1048576,16,11,563.779,63,980180992,/mnt/nvme/chharness/qpl-hardware-dynamic-async+cpu-c1048576-w16-i11
silesia,snapshot,qpl-hardware-dynamic-async+cpu,1048576,16,12,554.208,62,980176896,/mnt/nvme/chharness/qpl-hardware-dynamic-async+cpu-c1048576-w16-i12
silesia,snapshot,qpl-hardware-dynamic-async+cpu,1048576,16,13,552.721,63,980176896,/mnt/nvme/chharness/qpl-hardware-dynamic-async+cpu-c1048576-w16-i13
silesia,snapshot,qpl-hardware-dynamic-async+cpu,1048576,16,14,568.283,60,980176896,/mnt/nvme/chharness/qpl-hardware-dynamic-async+cpu-c1048576-w16-i14
silesia,snapshot,qpl-hardware-dynamic-async+cpu,1048576,16,15,553.637,63,980176896,/mnt/nvme/chharness/qpl-hardware-dynamic-async+cpu-c1048576-w16-i15
silesia,snapshot,qpl-hardware-dynamic-async+cpu,1048576,16,16,567.609,64,980176896,/mnt/nvme/chharness/qpl-hardware-dynamic-async+cpu-c1048576-w16-i16
silesia,snapshot,qpl-hardware-dynamic-async+cpu,1048576,16,17,558.045,64,980176896,/mnt/nvme/chharness/qpl-hardware-dynamic-async+cpu-c1048576-w16-i17
silesia,snapshot,qpl-hardware-dynamic-async+cpu,1048576,16,18,568.571,64,980176896,/mnt/nvme/chharness/qpl-hardware-dynamic-async+cpu-c1048576-w16-i18
silesia,snapshot,qpl-hardware-dynamic-async+cpu,1048576,16,19,563.543,65,980176896,/mnt/nvme/chharness/qpl-hardware-dynamic-async+cpu-c1048576-w16-i19
silesia,snapshot,qpl-hardware-dynamic-async+cpu,1048576,16,20,558.087,62,980176896,/mnt/nvme/chharness/qpl-hardware-dynamic-async+cpu-c1048576-w16-i20
silesia,snapshot,qpl-hardware-dynamic-async+cpu,1048576,32,1,561.191,58,980176896,/mnt/nvme/chharness/qpl-hardware-dynamic-async+cpu-c1048576-w32-i1
silesia,snapshot,qpl-hardware-dynamic-async+cpu,1048576,32,2,571.866,58,980176896,/mnt/nvme/chharness/qpl-hardware-dynamic-async+cpu-c1048576-w32-i2
silesia,snapshot,qpl-hardware-dynamic-async+cpu,1048576,32,3,562.285,58,980176896,/mnt/nvme/chharness/qpl-hardware-dynamic-async+cpu-c1048576-w32-i3
silesia,snapshot,qpl-hardware-dynamic-async+cpu,1048576,32,4,568.756,60,980180992,/mnt/nvme/chharness/qpl-hardware-dynamic-async+cpu-c1048576-w32-i4
silesia,snapshot,qpl-hardware-dynamic-async+cpu,1048576,32,5,564.858,60,980176896,/mnt/nvme/chharness/qpl-hardware-dynamic-async+cpu-c1048576-w32-i5
silesia,snapshot,qpl-hardware-dynamic-async+cpu,1048576,32,6,559.016,58,980176896,/mnt/nvme/chharness/qpl-hardware-dynamic-async+cpu-c1048576-w32-i6
silesia,snapshot,qpl-hardware-dynamic-async+cpu,1048576,32,7,583.168,56,980176896,/mnt/nvme/chharness/qpl-hardware-dynamic-async+cpu-c1048576-w32-i7
silesia,snapshot,qpl-hardware-dynamic-async+cpu,1048576,32,8,577.828,58,980176896,/mnt/nvme/chharness/qpl-hardware-dynamic-async+cpu-c1048576-w32-i8
silesia,snapshot,qpl-hardware-dynamic-async+cpu,1048576,32,9,578.463,56,980176896,/mnt/nvme/chharness/qpl-hardware-dynamic-async+cpu-c1048576-w32-i9
silesia,snapshot,qpl-hardware-dynamic-async+cpu,1048576,32,10,562.526,58,980176896,/mnt/nvme/chharness/qpl-hardware-dynamic-async+cpu-c1048576-w32-i10
silesia,snapshot,qpl-hardware-dynamic-async+cpu,1048576,32,11,564.842,57,980176896,/mnt/nvme/chharness/qpl-hardware-dynamic-async+cpu-c1048576-w32-i11
silesia,snapshot,qpl-hardware-dynamic-async+cpu,1048576,32,12,566.296,58,980176896,/mnt/nvme/chharness/qpl-hardware-dynamic-async+cpu-c1048576-w32-i12
silesia,snapshot,qpl-hardware-dynamic-async+cpu,1048576,32,13,560.156,60,980176896,/mnt/nvme/chharness/qpl-hardware-dynamic-async+cpu-c1048576-w32-i13
silesia,snapshot,qpl-hardware-dynamic-async+cpu,1048576,32,14,577.221,59,980176896,/mnt/nvme/chharness/qpl-hardware-dynamic-async+cpu-c1048576-w32-i14
silesia,snapshot,qpl-hardware-dynamic-async+cpu,1048576,32,15,567.032,57,980176896,/mnt/nvme/chharness/qpl-hardware-dynamic-async+cpu-c1048576-w32-i15
silesia,snapshot,qpl-hardware-dynamic-async+cpu,1048576,32,16,573.167,57,980180992,/mnt/nvme/chharness/qpl-hardware-dynamic-async+cpu-c1048576-w32-i16
silesia,snapshot,qpl-hardware-dynamic-async+cpu,1048576,32,17,562.676,58,980176896,/mnt/nvme/chharness/qpl-hardware-dynamic-async+cpu-c1048576-w32-i17
silesia,snapshot,qpl-hardware-dynamic-async+cpu,1048576,32,18,556.466,58,980176896,/mnt/nvme/chharness/qpl-hardware-dynamic-async+cpu-c1048576-w32-i18
silesia,snapshot,qpl-hardware-dynamic-async+cpu,1048576,32,19,565.298,58,980180992,/mnt/nvme/chharness/qpl-hardware-dynamic-async+cpu-c1048576-w32-i19
silesia,snapshot,qpl-hardware-dynamic-async+cpu,1048576,32,20,559.381,59,980176896,/mnt/nvme/chharness/qpl-hardware-dynamic-async+cpu-c1048576-w32-i20
silesia,snapshot,qpl-hardware-dynamic-async+dsa,1048576,8,1,582.544,76,980180992,/mnt/nvme/chharness/qpl-hardware-dynamic-async+dsa-c1048576-w8-i1
silesia,snapshot,qpl-hardware-dynamic-async+dsa,1048576,8,2,591.925,76,980180992,/mnt/nvme/chharness/qpl-hardware-dynamic-async+dsa-c1048576-w8-i2
silesia,snapshot,qpl-hardware-dynamic-async+dsa,1048576,8,3,587.655,77,980176896,/mnt/nvme/chharness/qpl-hardware-dynamic-async+dsa-c1048576-w8-i3
silesia,snapshot,qpl-hardware-dynamic-async+dsa,1048576,8,4,584.914,77,980176896,/mnt/nvme/chharness/qpl-hardware-dynamic-async+dsa-c1048576-w8-i4
silesia,snapshot,qpl-hardware-dynamic-async+dsa,1048576,8,5,584.190,77,980176896,/mnt/nvme/chharness/qpl-hardware-dynamic-async+dsa-c1048576-w8-i5
silesia,snapshot,qpl-hardware-dynamic-async+dsa,1048576,8,6,576.553,77,980176896,/mnt/nvme/chharness/qpl-hardware-dynamic-async+dsa-c1048576-w8-i6
silesia,snapshot,qpl-hardware-dynamic-async+dsa,1048576,8,7,597.096,75,980180992,/mnt/nvme/chharness/qpl-hardware-dynamic-async+dsa-c1048576-w8-i7
silesia,snapshot,qpl-hardware-dynamic-async+dsa,1048576,8,8,582.664,76,980180992,/mnt/nvme/chharness/qpl-hardware-dynamic-async+dsa-c1048576-w8-i8
silesia,snapshot,qpl-hardware-dynamic-async+dsa,1048576,8,9,589.744,76,980180992,/mnt/nvme/chharness/qpl-hardware-dynamic-async+dsa-c1048576-w8-i9
silesia,snapshot,qpl-hardware-dynamic-async+dsa,1048576,8,10,582.868,76,980180992,/mnt/nvme/chharness/qpl-hardware-dynamic-async+dsa-c1048576-w8-i10
silesia,snapshot,qpl-hardware-dynamic-async+dsa,1048576,8,11,582.296,76,980180992,/mnt/nvme/chharness/qpl-hardware-dynamic-async+dsa-c1048576-w8-i11
silesia,snapshot,qpl-hardware-dynamic-async+dsa,1048576,8,12,599.812,74,980180992,/mnt/nvme/chharness/qpl-hardware-dynamic-async+dsa-c1048576-w8-i12
silesia,snapshot,qpl-hardware-dynamic-async+dsa,1048576,8,13,578.714,77,980180992,/mnt/nvme/chharness/qpl-hardware-dynamic-async+dsa-c1048576-w8-i13
silesia,snapshot,qpl-hardware-dynamic-async+dsa,1048576,8,14,586.902,75,980180992,/mnt/nvme/chharness/qpl-hardware-dynamic-async+dsa-c1048576-w8-i14
silesia,snapshot,qpl-hardware-dynamic-async+dsa,1048576,8,15,588.327,76,980180992,/mnt/nvme/chharness/qpl-hardware-dynamic-async+dsa-c1048576-w8-i15
silesia,snapshot,qpl-hardware-dynamic-async+dsa,1048576,8,16,591.318,75,980180992,/mnt/nvme/chharness/qpl-hardware-dynamic-async+dsa-c1048576-w8-i16
silesia,snapshot,qpl-hardware-dynamic-async+dsa,1048576,8,17,583.850,76,980180992,/mnt/nvme/chharness/qpl-hardware-dynamic-async+dsa-c1048576-w8-i17
silesia,snapshot,qpl-hardware-dynamic-async+dsa,1048576,8,18,585.549,76,980180992,/mnt/nvme/chharness/qpl-hardware-dynamic-async+dsa-c1048576-w8-i18
silesia,snapshot,qpl-hardware-dynamic-async+dsa,1048576,8,19,598.473,74,980180992,/mnt/nvme/chharness/qpl-hardware-dynamic-async+dsa-c1048576-w8-i19
silesia,snapshot,qpl-hardware-dynamic-async+dsa,1048576,8,20,579.157,77,980180992,/mnt/nvme/chharness/qpl-hardware-dynamic-async+dsa-c1048576-w8-i20
silesia,snapshot,qpl-hardware-dynamic-async+dsa,1048576,16,1,568.010,60,980180992,/mnt/nvme/chharness/qpl-hardware-dynamic-async+dsa-c1048576-w16-i1
silesia,snapshot,qpl-hardware-dynamic-async+dsa,1048576,16,2,583.768,63,980180992,/mnt/nvme/chharness/qpl-hardware-dynamic-async+dsa-c1048576-w16-i2
silesia,snapshot,qpl-hardware-dynamic-async+dsa,1048576,16,3,574.166,59,980176896,/mnt/nvme/chharness/qpl-hardware-dynamic-async+dsa-c1048576-w16-i3
silesia,snapshot,qpl-hardware-dynamic-async+dsa,1048576,16,4,568.417,59,980176896,/mnt/nvme/chharness/qpl-hardware-dynamic-async+dsa-c1048576-w16-i4
silesia,snapshot,qpl-hardware-dynamic-async+dsa,1048576,16,5,580.045,58,980176896,/mnt/nvme/chharness/qpl-hardware-dynamic-async+dsa-c1048576-w16-i5
silesia,snapshot,qpl-hardware-dynamic-async+dsa,1048576,16,6,570.812,60,980176896,/mnt/nvme/chharness/qpl-hardware-dynamic-async+dsa-c1048576-w16-i6
silesia,snapshot,qpl-hardware-dynamic-async+dsa,1048576,16,7,583.604,57,980176896,/mnt/nvme/chharness/qpl-hardware-dynamic-async+dsa-c1048576-w16-i7
silesia,snapshot,qpl-hardware-dynamic-async+dsa,1048576,16,8,575.783,62,980176896,/mnt/nvme/chharness/qpl-hardware-dynamic-async+dsa-c1048576-w16-i8
silesia,snapshot,qpl-hardware-dynamic-async+dsa,1048576,16,9,562.545,61,980176896,/mnt/nvme/chharness/qpl-hardware-dynamic-async+dsa-c1048576-w16-i9
silesia,snapshot,qpl-hardware-dynamic-async+dsa,1048576,16,10,570.676,62,980180992,/mnt/nvme/chharness/qpl-hardware-dynamic-async+dsa-c1048576-w16-i10
silesia,snapshot,qpl-hardware-dynamic-async+dsa,1048576,16,11,569.972,62,980180992,/mnt/nvme/chharness/qpl-hardware-dynamic-async+dsa-c1048576-w16-i11
silesia,snapshot,qpl-hardware-dynamic-async+dsa,1048576,16,12,578.707,61,980180992,/mnt/nvme/chharness/qpl-hardware-dynamic-async+dsa-c1048576-w16-i12
silesia,snapshot,qpl-hardware-dynamic-async+dsa,1048576,16,13,561.354,63,980180992,/mnt/nvme/chharness/qpl-hardware-dynamic-async+dsa-c1048576-w16-i13
silesia,snapshot,qpl-hardware-dynamic-async+dsa,1048576,16,14,571.575,60,980180992,/mnt/nvme/chharness/qpl-hardware-dynamic-async+dsa-c1048576-w16-i14
silesia,snapshot,qpl-hardware-dynamic-async+dsa,1048576,16,15,578.617,61,980176896,/mnt/nvme/chharness/qpl-hardware-dynamic-async+dsa-c1048576-w16-i15
silesia,snapshot,qpl-hardware-dynamic-async+dsa,1048576,16,16,572.071,62,980180992,/mnt/nvme/chharness/qpl-hardware-dynamic-async+dsa-c1048576-w16-i16
silesia,snapshot,qpl-hardware-dynamic-async+dsa,1048576,16,17,567.808,63,980180992,/mnt/nvme/chharness/qpl-hardware-dynamic-async+dsa-c1048576-w16-i17
silesia,snapshot,qpl-hardware-dynamic-async+dsa,1048576,16,18,567.603,62,980180992,/mnt/nvme/chharness/qpl-hardware-dynamic-async+dsa-c1048576-w16-i18
silesia,snapshot,qpl-hardware-dynamic-async+dsa,1048576,16,19,583.858,61,980180992,/mnt/nvme/chharness/qpl-hardware-dynamic-async+dsa-c1048576-w16-i19
silesia,snapshot,qpl-hardware-dynamic-async+dsa,1048576,16,20,566.575,63,980180992,/mnt/nvme/chharness/qpl-hardware-dynamic-async+dsa-c1048576-w16-i20
silesia,snapshot,qpl-hardware-dynamic-async+dsa,1048576,32,1,573.043,58,980180992,/mnt/nvme/chharness/qpl-hardware-dynamic-async+dsa-c1048576-w32-i1
silesia,snapshot,qpl-hardware-dynamic-async+dsa,1048576,32,2,570.223,60,980180992,/mnt/nvme/chharness/qpl-hardware-dynamic-async+dsa-c1048576-w32-i2
silesia,snapshot,qpl-hardware-dynamic-async+dsa,1048576,32,3,583.376,57,980176896,/mnt/nvme/chharness/qpl-hardware-dynamic-async+dsa-c1048576-w32-i3
silesia,snapshot,qpl-hardware-dynamic-async+dsa,1048576,32,4,567.578,59,980180992,/mnt/nvme/chharness/qpl-hardware-dynamic-async+dsa-c1048576-w32-i4
silesia,snapshot,qpl-hardware-dynamic-async+dsa,1048576,32,5,578.375,55,980176896,/mnt/nvme/chharness/qpl-hardware-dynamic-async+dsa-c1048576-w32-i5
silesia,snapshot,qpl-hardware-dynamic-async+dsa,1048576,32,6,573.123,58,980176896,/mnt/nvme/chharness/qpl-hardware-dynamic-async+dsa-c1048576-w32-i6
silesia,snapshot,qpl-hardware-dynamic-async+dsa,1048576,32,7,575.328,58,980176896,/mnt/nvme/chharness/qpl-hardware-dynamic-async+dsa-c1048576-w32-i7
silesia,snapshot,qpl-hardware-dynamic-async+dsa,1048576,32,8,571.410,58,980176896,/mnt/nvme/chharness/qpl-hardware-dynamic-async+dsa-c1048576-w32-i8
silesia,snapshot,qpl-hardware-dynamic-async+dsa,1048576,32,9,565.251,59,980180992,/mnt/nvme/chharness/qpl-hardware-dynamic-async+dsa-c1048576-w32-i9
silesia,snapshot,qpl-hardware-dynamic-async+dsa,1048576,32,10,589.182,55,980180992,/mnt/nvme/chharness/qpl-hardware-dynamic-async+dsa-c1048576-w32-i10
silesia,snapshot,qpl-hardware-dynamic-async+dsa,1048576,32,11,573.394,57,980180992,/mnt/nvme/chharness/qpl-hardware-dynamic-async+dsa-c1048576-w32-i11
silesia,snapshot,qpl-hardware-dynamic-async+dsa,1048576,32,12,580.949,57,980180992,/mnt/nvme/chharness/qpl-hardware-dynamic-async+dsa-c1048576-w32-i12
silesia,snapshot,qpl-hardware-dynamic-async+dsa,1048576,32,13,582.028,57,980180992,/mnt/nvme/chharness/qpl-hardware-dynamic-async+dsa-c1048576-w32-i13
silesia,snapshot,qpl-hardware-dynamic-async+dsa,1048576,32,14,584.623,56,980180992,/mnt/nvme/chharness/qpl-hardware-dynamic-async+dsa-c1048576-w32-i14
silesia,snapshot,qpl-hardware-dynamic-async+dsa,1048576,32,15,572.948,57,980180992,/mnt/nvme/chharness/qpl-hardware-dynamic-async+dsa-c1048576-w32-i15
silesia,snapshot,qpl-hardware-dynamic-async+dsa,1048576,32,16,568.386,57,980180992,/mnt/nvme/chharness/qpl-hardware-dynamic-async+dsa-c1048576-w32-i16
silesia,snapshot,qpl-hardware-dynamic-async+dsa,1048576,32,17,588.454,55,980180992,/mnt/nvme/chharness/qpl-hardware-dynamic-async+dsa-c1048576-w32-i17
silesia,snapshot,qpl-hardware-dynamic-async+dsa,1048576,32,18,573.893,57,980180992,/mnt/nvme/chharness/qpl-hardware-dynamic-async+dsa-c1048576-w32-i18
silesia,snapshot,qpl-hardware-dynamic-async+dsa,1048576,32,19,585.382,56,980180992,/mnt/nvme/chharness/qpl-hardware-dynamic-async+dsa-c1048576-w32-i19
silesia,snapshot,qpl-hardware-dynamic-async+dsa,1048576,32,20,572.573,57,980180992,/mnt/nvme/chharness/qpl-hardware-dynamic-async+dsa-c1048576-w32-i20
silesia,restore,raw,0,1,1,1089.951,97,2693513216,/mnt/nvme/chharness/raw-c0-w1-i1
silesia,restore,raw,0,1,2,1082.354,97,2693513216,/mnt/nvme/chharness/raw-c0-w1-i1
silesia,restore,raw,0,1,3,1083.266,96,2693513216,/mnt/nvme/chharness/raw-c0-w1-i1
silesia,restore,raw,0,1,4,1076.308,97,2693513216,/mnt/nvme/chharness/raw-c0-w1-i1
silesia,restore,raw,0,1,5,1070.330,98,2693513216,/mnt/nvme/chharness/raw-c0-w1-i1
silesia,restore,raw,0,1,6,1076.377,97,2693513216,/mnt/nvme/chharness/raw-c0-w1-i1
silesia,restore,raw,0,1,7,1068.463,97,2693513216,/mnt/nvme/chharness/raw-c0-w1-i1
silesia,restore,raw,0,1,8,1083.510,96,2693513216,/mnt/nvme/chharness/raw-c0-w1-i1
silesia,restore,raw,0,1,9,1074.149,97,2693513216,/mnt/nvme/chharness/raw-c0-w1-i1
silesia,restore,raw,0,1,10,1072.752,97,2693513216,/mnt/nvme/chharness/raw-c0-w1-i1
silesia,restore,raw,0,1,11,1085.151,96,2693513216,/mnt/nvme/chharness/raw-c0-w1-i1
silesia,restore,raw,0,1,12,1074.241,97,2693513216,/mnt/nvme/chharness/raw-c0-w1-i1
silesia,restore,raw,0,1,13,1079.297,97,2693513216,/mnt/nvme/chharness/raw-c0-w1-i1
silesia,restore,raw,0,1,14,1075.768,97,2693513216,/mnt/nvme/chharness/raw-c0-w1-i1
silesia,restore,raw,0,1,15,1082.836,97,2693513216,/mnt/nvme/chharness/raw-c0-w1-i1
silesia,restore,raw,0,1,16,1072.334,98,2693513216,/mnt/nvme/chharness/raw-c0-w1-i1
silesia,restore,raw,0,1,17,1078.516,97,2693513216,/mnt/nvme/chharness/raw-c0-w1-i1
silesia,restore,raw,0,1,18,1071.657,97,2693513216,/mnt/nvme/chharness/raw-c0-w1-i1
silesia,restore,raw,0,1,19,1081.965,97,2693513216,/mnt/nvme/chharness/raw-c0-w1-i1
silesia,restore,raw,0,1,20,1082.372,97,2693513216,/mnt/nvme/chharness/raw-c0-w1-i1
silesia,restore,qpl-hardware-static-async,1048576,32,1,789.238,96,1149095936,/mnt/nvme/chharness/qpl-hardware-static-async-c1048576-w8-i1
silesia,restore,qpl-hardware-static-async,1048576,32,2,791.064,96,1149095936,/mnt/nvme/chharness/qpl-hardware-static-async-c1048576-w8-i1
silesia,restore,qpl-hardware-static-async,1048576,32,3,787.013,97,1149095936,/mnt/nvme/chharness/qpl-hardware-static-async-c1048576-w8-i1
silesia,restore,qpl-hardware-static-async,1048576,32,4,784.121,97,1149095936,/mnt/nvme/chharness/qpl-hardware-static-async-c1048576-w8-i1
silesia,restore,qpl-hardware-static-async,1048576,32,5,781.774,97,1149095936,/mnt/nvme/chharness/qpl-hardware-static-async-c1048576-w8-i1
silesia,restore,qpl-hardware-static-async,1048576,32,6,786.233,96,1149095936,/mnt/nvme/chharness/qpl-hardware-static-async-c1048576-w8-i1
silesia,restore,qpl-hardware-static-async,1048576,32,7,777.582,97,1149095936,/mnt/nvme/chharness/qpl-hardware-static-async-c1048576-w8-i1
silesia,restore,qpl-hardware-static-async,1048576,32,8,781.214,97,1149095936,/mnt/nvme/chharness/qpl-hardware-static-async-c1048576-w8-i1
silesia,restore,qpl-hardware-static-async,1048576,32,9,786.860,96,1149095936,/mnt/nvme/chharness/qpl-hardware-static-async-c1048576-w8-i1
silesia,restore,qpl-hardware-static-async,1048576,32,10,790.766,96,1149095936,/mnt/nvme/chharness/qpl-hardware-static-async-c1048576-w8-i1
silesia,restore,qpl-hardware-static-async,1048576,32,11,781.945,97,1149095936,/mnt/nvme/chharness/qpl-hardware-static-async-c1048576-w8-i1
silesia,restore,qpl-hardware-static-async,1048576,32,12,782.690,97,1149095936,/mnt/nvme/chharness/qpl-hardware-static-async-c1048576-w8-i1
silesia,restore,qpl-hardware-static-async,1048576,32,13,783.234,97,1149095936,/mnt/nvme/chharness/qpl-hardware-static-async-c1048576-w8-i1
silesia,restore,qpl-hardware-static-async,1048576,32,14,787.615,96,1149095936,/mnt/nvme/chharness/qpl-hardware-static-async-c1048576-w8-i1
silesia,restore,qpl-hardware-static-async,1048576,32,15,789.592,96,1149095936,/mnt/nvme/chharness/qpl-hardware-static-async-c1048576-w8-i1
silesia,restore,qpl-hardware-static-async,1048576,32,16,789.561,96,1149095936,/mnt/nvme/chharness/qpl-hardware-static-async-c1048576-w8-i1
silesia,restore,qpl-hardware-static-async,1048576,32,17,789.624,96,1149095936,/mnt/nvme/chharness/qpl-hardware-static-async-c1048576-w8-i1
silesia,restore,qpl-hardware-static-async,1048576,32,18,786.846,96,1149095936,/mnt/nvme/chharness/qpl-hardware-static-async-c1048576-w8-i1
silesia,restore,qpl-hardware-static-async,1048576,32,19,786.515,96,1149095936,/mnt/nvme/chharness/qpl-hardware-static-async-c1048576-w8-i1
silesia,restore,qpl-hardware-static-async,1048576,32,20,783.715,97,1149095936,/mnt/nvme/chharness/qpl-hardware-static-async-c1048576-w8-i1
silesia,restore,qpl-hardware-static-async+cpuslot,1048576,32,1,795.998,96,1149100032,/mnt/nvme/chharness/qpl-hardware-static-async+cpuslot-c1048576-w8-i1
silesia,restore,qpl-hardware-static-async+cpuslot,1048576,32,2,784.506,97,1149100032,/mnt/nvme/chharness/qpl-hardware-static-async+cpuslot-c1048576-w8-i1
silesia,restore,qpl-hardware-static-async+cpuslot,1048576,32,3,801.556,95,1149100032,/mnt/nvme/chharness/qpl-hardware-static-async+cpuslot-c1048576-w8-i1
silesia,restore,qpl-hardware-static-async+cpuslot,1048576,32,4,785.715,97,1149100032,/mnt/nvme/chharness/qpl-hardware-static-async+cpuslot-c1048576-w8-i1
silesia,restore,qpl-hardware-static-async+cpuslot,1048576,32,5,787.219,97,1149100032,/mnt/nvme/chharness/qpl-hardware-static-async+cpuslot-c1048576-w8-i1
silesia,restore,qpl-hardware-static-async+cpuslot,1048576,32,6,795.139,95,1149100032,/mnt/nvme/chharness/qpl-hardware-static-async+cpuslot-c1048576-w8-i1
silesia,restore,qpl-hardware-static-async+cpuslot,1048576,32,7,781.520,97,1149100032,/mnt/nvme/chharness/qpl-hardware-static-async+cpuslot-c1048576-w8-i1
silesia,restore,qpl-hardware-static-async+cpuslot,1048576,32,8,795.919,96,1149100032,/mnt/nvme/chharness/qpl-hardware-static-async+cpuslot-c1048576-w8-i1
silesia,restore,qpl-hardware-static-async+cpuslot,1048576,32,9,793.158,96,1149100032,/mnt/nvme/chharness/qpl-hardware-static-async+cpuslot-c1048576-w8-i1
silesia,restore,qpl-hardware-static-async+cpuslot,1048576,32,10,795.840,96,1149100032,/mnt/nvme/chharness/qpl-hardware-static-async+cpuslot-c1048576-w8-i1
silesia,restore,qpl-hardware-static-async+cpuslot,1048576,32,11,786.916,96,1149100032,/mnt/nvme/chharness/qpl-hardware-static-async+cpuslot-c1048576-w8-i1
silesia,restore,qpl-hardware-static-async+cpuslot,1048576,32,12,790.765,96,1149100032,/mnt/nvme/chharness/qpl-hardware-static-async+cpuslot-c1048576-w8-i1
silesia,restore,qpl-hardware-static-async+cpuslot,1048576,32,13,788.311,97,1149100032,/mnt/nvme/chharness/qpl-hardware-static-async+cpuslot-c1048576-w8-i1
silesia,restore,qpl-hardware-static-async+cpuslot,1048576,32,14,791.589,96,1149100032,/mnt/nvme/chharness/qpl-hardware-static-async+cpuslot-c1048576-w8-i1
silesia,restore,qpl-hardware-static-async+cpuslot,1048576,32,15,791.323,96,1149100032,/mnt/nvme/chharness/qpl-hardware-static-async+cpuslot-c1048576-w8-i1
silesia,restore,qpl-hardware-static-async+cpuslot,1048576,32,16,791.552,96,1149100032,/mnt/nvme/chharness/qpl-hardware-static-async+cpuslot-c1048576-w8-i1
silesia,restore,qpl-hardware-static-async+cpuslot,1048576,32,17,782.572,97,1149100032,/mnt/nvme/chharness/qpl-hardware-static-async+cpuslot-c1048576-w8-i1
silesia,restore,qpl-hardware-static-async+cpuslot,1048576,32,18,795.301,96,1149100032,/mnt/nvme/chharness/qpl-hardware-static-async+cpuslot-c1048576-w8-i1
silesia,restore,qpl-hardware-static-async+cpuslot,1048576,32,19,782.485,97,1149100032,/mnt/nvme/chharness/qpl-hardware-static-async+cpuslot-c1048576-w8-i1
silesia,restore,qpl-hardware-static-async+cpuslot,1048576,32,20,788.169,96,1149100032,/mnt/nvme/chharness/qpl-hardware-static-async+cpuslot-c1048576-w8-i1
silesia,restore,qpl-hardware-static-async+dsaslot,1048576,32,1,783.527,97,1149100032,/mnt/nvme/chharness/qpl-hardware-static-async+dsaslot-c1048576-w8-i1
silesia,restore,qpl-hardware-static-async+dsaslot,1048576,32,2,794.426,96,1149100032,/mnt/nvme/chharness/qpl-hardware-static-async+dsaslot-c1048576-w8-i1
silesia,restore,qpl-hardware-static-async+dsaslot,1048576,32,3,794.965,96,1149100032,/mnt/nvme/chharness/qpl-hardware-static-async+dsaslot-c1048576-w8-i1
silesia,restore,qpl-hardware-static-async+dsaslot,1048576,32,4,798.114,95,1149100032,/mnt/nvme/chharness/qpl-hardware-static-async+dsaslot-c1048576-w8-i1
silesia,restore,qpl-hardware-static-async+dsaslot,1048576,32,5,785.737,97,1149100032,/mnt/nvme/chharness/qpl-hardware-static-async+dsaslot-c1048576-w8-i1
silesia,restore,qpl-hardware-static-async+dsaslot,1048576,32,6,788.624,96,1149100032,/mnt/nvme/chharness/qpl-hardware-static-async+dsaslot-c1048576-w8-i1
silesia,restore,qpl-hardware-static-async+dsaslot,1048576,32,7,788.671,96,1149100032,/mnt/nvme/chharness/qpl-hardware-static-async+dsaslot-c1048576-w8-i1
silesia,restore,qpl-hardware-static-async+dsaslot,1048576,32,8,786.275,97,1149100032,/mnt/nvme/chharness/qpl-hardware-static-async+dsaslot-c1048576-w8-i1
silesia,restore,qpl-hardware-static-async+dsaslot,1048576,32,9,788.859,96,1149100032,/mnt/nvme/chharness/qpl-hardware-static-async+dsaslot-c1048576-w8-i1
silesia,restore,qpl-hardware-static-async+dsaslot,1048576,32,10,789.195,96,1149100032,/mnt/nvme/chharness/qpl-hardware-static-async+dsaslot-c1048576-w8-i1
silesia,restore,qpl-hardware-static-async+dsaslot,1048576,32,11,780.320,97,1149100032,/mnt/nvme/chharness/qpl-hardware-static-async+dsaslot-c1048576-w8-i1
silesia,restore,qpl-hardware-static-async+dsaslot,1048576,32,12,787.582,97,1149100032,/mnt/nvme/chharness/qpl-hardware-static-async+dsaslot-c1048576-w8-i1
silesia,restore,qpl-hardware-static-async+dsaslot,1048576,32,13,785.088,97,1149100032,/mnt/nvme/chharness/qpl-hardware-static-async+dsaslot-c1048576-w8-i1
silesia,restore,qpl-hardware-static-async+dsaslot,1048576,32,14,786.945,96,1149100032,/mnt/nvme/chharness/qpl-hardware-static-async+dsaslot-c1048576-w8-i1
silesia,restore,qpl-hardware-static-async+dsaslot,1048576,32,15,784.140,97,1149100032,/mnt/nvme/chharness/qpl-hardware-static-async+dsaslot-c1048576-w8-i1
silesia,restore,qpl-hardware-static-async+dsaslot,1048576,32,16,782.440,97,1149100032,/mnt/nvme/chharness/qpl-hardware-static-async+dsaslot-c1048576-w8-i1
silesia,restore,qpl-hardware-static-async+dsaslot,1048576,32,17,795.118,96,1149100032,/mnt/nvme/chharness/qpl-hardware-static-async+dsaslot-c1048576-w8-i1
silesia,restore,qpl-hardware-static-async+dsaslot,1048576,32,18,791.279,96,1149100032,/mnt/nvme/chharness/qpl-hardware-static-async+dsaslot-c1048576-w8-i1
silesia,restore,qpl-hardware-static-async+dsaslot,1048576,32,19,787.087,97,1149100032,/mnt/nvme/chharness/qpl-hardware-static-async+dsaslot-c1048576-w8-i1
silesia,restore,qpl-hardware-static-async+dsaslot,1048576,32,20,792.517,96,1149100032,/mnt/nvme/chharness/qpl-hardware-static-async+dsaslot-c1048576-w8-i1
silesia,restore,qpl-hardware-static-async+cpu,1048576,32,1,790.927,96,1149100032,/mnt/nvme/chharness/qpl-hardware-static-async+cpu-c1048576-w8-i1
silesia,restore,qpl-hardware-static-async+cpu,1048576,32,2,791.955,96,1149100032,/mnt/nvme/chharness/qpl-hardware-static-async+cpu-c1048576-w8-i1
silesia,restore,qpl-hardware-static-async+cpu,1048576,32,3,791.058,96,1149100032,/mnt/nvme/chharness/qpl-hardware-static-async+cpu-c1048576-w8-i1
silesia,restore,qpl-hardware-static-async+cpu,1048576,32,4,783.143,97,1149100032,/mnt/nvme/chharness/qpl-hardware-static-async+cpu-c1048576-w8-i1
silesia,restore,qpl-hardware-static-async+cpu,1048576,32,5,784.088,97,1149100032,/mnt/nvme/chharness/qpl-hardware-static-async+cpu-c1048576-w8-i1
silesia,restore,qpl-hardware-static-async+cpu,1048576,32,6,783.090,97,1149100032,/mnt/nvme/chharness/qpl-hardware-static-async+cpu-c1048576-w8-i1
silesia,restore,qpl-hardware-static-async+cpu,1048576,32,7,795.538,96,1149100032,/mnt/nvme/chharness/qpl-hardware-static-async+cpu-c1048576-w8-i1
silesia,restore,qpl-hardware-static-async+cpu,1048576,32,8,792.722,96,1149100032,/mnt/nvme/chharness/qpl-hardware-static-async+cpu-c1048576-w8-i1
silesia,restore,qpl-hardware-static-async+cpu,1048576,32,9,789.711,96,1149100032,/mnt/nvme/chharness/qpl-hardware-static-async+cpu-c1048576-w8-i1
silesia,restore,qpl-hardware-static-async+cpu,1048576,32,10,789.516,96,1149100032,/mnt/nvme/chharness/qpl-hardware-static-async+cpu-c1048576-w8-i1
silesia,restore,qpl-hardware-static-async+cpu,1048576,32,11,791.394,96,1149100032,/mnt/nvme/chharness/qpl-hardware-static-async+cpu-c1048576-w8-i1
silesia,restore,qpl-hardware-static-async+cpu,1048576,32,12,789.458,96,1149100032,/mnt/nvme/chharness/qpl-hardware-static-async+cpu-c1048576-w8-i1
silesia,restore,qpl-hardware-static-async+cpu,1048576,32,13,784.120,97,1149100032,/mnt/nvme/chharness/qpl-hardware-static-async+cpu-c1048576-w8-i1
silesia,restore,qpl-hardware-static-async+cpu,1048576,32,14,783.910,97,1149100032,/mnt/nvme/chharness/qpl-hardware-static-async+cpu-c1048576-w8-i1
silesia,restore,qpl-hardware-static-async+cpu,1048576,32,15,788.132,96,1149100032,/mnt/nvme/chharness/qpl-hardware-static-async+cpu-c1048576-w8-i1
silesia,restore,qpl-hardware-static-async+cpu,1048576,32,16,787.928,96,1149100032,/mnt/nvme/chharness/qpl-hardware-static-async+cpu-c1048576-w8-i1
silesia,restore,qpl-hardware-static-async+cpu,1048576,32,17,782.479,97,1149100032,/mnt/nvme/chharness/qpl-hardware-static-async+cpu-c1048576-w8-i1
silesia,restore,qpl-hardware-static-async+cpu,1048576,32,18,785.259,97,1149100032,/mnt/nvme/chharness/qpl-hardware-static-async+cpu-c1048576-w8-i1
silesia,restore,qpl-hardware-static-async+cpu,1048576,32,19,785.687,97,1149100032,/mnt/nvme/chharness/qpl-hardware-static-async+cpu-c1048576-w8-i1
silesia,restore,qpl-hardware-static-async+cpu,1048576,32,20,798.060,95,1149100032,/mnt/nvme/chharness/qpl-hardware-static-async+cpu-c1048576-w8-i1
silesia,restore,qpl-hardware-static-async+dsa,1048576,32,1,783.068,97,1149100032,/mnt/nvme/chharness/qpl-hardware-static-async+dsa-c1048576-w8-i1
silesia,restore,qpl-hardware-static-async+dsa,1048576,32,2,788.055,97,1149100032,/mnt/nvme/chharness/qpl-hardware-static-async+dsa-c1048576-w8-i1
silesia,restore,qpl-hardware-static-async+dsa,1048576,32,3,798.713,96,1149100032,/mnt/nvme/chharness/qpl-hardware-static-async+dsa-c1048576-w8-i1
silesia,restore,qpl-hardware-static-async+dsa,1048576,32,4,791.762,96,1149100032,/mnt/nvme/chharness/qpl-hardware-static-async+dsa-c1048576-w8-i1
silesia,restore,qpl-hardware-static-async+dsa,1048576,32,5,791.441,96,1149100032,/mnt/nvme/chharness/qpl-hardware-static-async+dsa-c1048576-w8-i1
silesia,restore,qpl-hardware-static-async+dsa,1048576,32,6,788.975,96,1149100032,/mnt/nvme/chharness/qpl-hardware-static-async+dsa-c1048576-w8-i1
silesia,restore,qpl-hardware-static-async+dsa,1048576,32,7,786.841,97,1149100032,/mnt/nvme/chharness/qpl-hardware-static-async+dsa-c1048576-w8-i1
silesia,restore,qpl-hardware-static-async+dsa,1048576,32,8,788.833,96,1149100032,/mnt/nvme/chharness/qpl-hardware-static-async+dsa-c1048576-w8-i1
silesia,restore,qpl-hardware-static-async+dsa,1048576,32,9,786.396,97,1149100032,/mnt/nvme/chharness/qpl-hardware-static-async+dsa-c1048576-w8-i1
silesia,restore,qpl-hardware-static-async+dsa,1048576,32,10,780.962,97,1149100032,/mnt/nvme/chharness/qpl-hardware-static-async+dsa-c1048576-w8-i1
silesia,restore,qpl-hardware-static-async+dsa,1048576,32,11,795.953,95,1149100032,/mnt/nvme/chharness/qpl-hardware-static-async+dsa-c1048576-w8-i1
silesia,restore,qpl-hardware-static-async+dsa,1048576,32,12,787.841,96,1149100032,/mnt/nvme/chharness/qpl-hardware-static-async+dsa-c1048576-w8-i1
silesia,restore,qpl-hardware-static-async+dsa,1048576,32,13,795.085,96,1149100032,/mnt/nvme/chharness/qpl-hardware-static-async+dsa-c1048576-w8-i1
silesia,restore,qpl-hardware-static-async+dsa,1048576,32,14,779.072,97,1149100032,/mnt/nvme/chharness/qpl-hardware-static-async+dsa-c1048576-w8-i1
silesia,restore,qpl-hardware-static-async+dsa,1048576,32,15,785.741,97,1149100032,/mnt/nvme/chharness/qpl-hardware-static-async+dsa-c1048576-w8-i1
silesia,restore,qpl-hardware-static-async+dsa,1048576,32,16,791.229,96,1149100032,/mnt/nvme/chharness/qpl-hardware-static-async+dsa-c1048576-w8-i1
silesia,restore,qpl-hardware-static-async+dsa,1048576,32,17,801.266,95,1149100032,/mnt/nvme/chharness/qpl-hardware-static-async+dsa-c1048576-w8-i1
silesia,restore,qpl-hardware-static-async+dsa,1048576,32,18,797.506,95,1149100032,/mnt/nvme/chharness/qpl-hardware-static-async+dsa-c1048576-w8-i1
silesia,restore,qpl-hardware-static-async+dsa,1048576,32,19,787.903,96,1149100032,/mnt/nvme/chharness/qpl-hardware-static-async+dsa-c1048576-w8-i1
silesia,restore,qpl-hardware-static-async+dsa,1048576,32,20,800.995,95,1149100032,/mnt/nvme/chharness/qpl-hardware-static-async+dsa-c1048576-w8-i1
silesia,restore,qpl-hardware-dynamic-async,1048576,32,1,769.036,96,980176896,/mnt/nvme/chharness/qpl-hardware-dynamic-async-c1048576-w8-i1
silesia,restore,qpl-hardware-dynamic-async,1048576,32,2,771.643,95,980176896,/mnt/nvme/chharness/qpl-hardware-dynamic-async-c1048576-w8-i1
silesia,restore,qpl-hardware-dynamic-async,1048576,32,3,764.906,97,980176896,/mnt/nvme/chharness/qpl-hardware-dynamic-async-c1048576-w8-i1
silesia,restore,qpl-hardware-dynamic-async,1048576,32,4,769.977,96,980176896,/mnt/nvme/chharness/qpl-hardware-dynamic-async-c1048576-w8-i1
silesia,restore,qpl-hardware-dynamic-async,1048576,32,5,760.069,97,980176896,/mnt/nvme/chharness/qpl-hardware-dynamic-async-c1048576-w8-i1
silesia,restore,qpl-hardware-dynamic-async,1048576,32,6,766.992,96,980176896,/mnt/nvme/chharness/qpl-hardware-dynamic-async-c1048576-w8-i1
silesia,restore,qpl-hardware-dynamic-async,1048576,32,7,761.529,97,980176896,/mnt/nvme/chharness/qpl-hardware-dynamic-async-c1048576-w8-i1
silesia,restore,qpl-hardware-dynamic-async,1048576,32,8,765.176,96,980176896,/mnt/nvme/chharness/qpl-hardware-dynamic-async-c1048576-w8-i1
silesia,restore,qpl-hardware-dynamic-async,1048576,32,9,764.807,96,980176896,/mnt/nvme/chharness/qpl-hardware-dynamic-async-c1048576-w8-i1
silesia,restore,qpl-hardware-dynamic-async,1048576,32,10,760.583,97,980176896,/mnt/nvme/chharness/qpl-hardware-dynamic-async-c1048576-w8-i1
silesia,restore,qpl-hardware-dynamic-async,1048576,32,11,760.174,97,980176896,/mnt/nvme/chharness/qpl-hardware-dynamic-async-c1048576-w8-i1
silesia,restore,qpl-hardware-dynamic-async,1048576,32,12,774.928,95,980176896,/mnt/nvme/chharness/qpl-hardware-dynamic-async-c1048576-w8-i1
silesia,restore,qpl-hardware-dynamic-async,1048576,32,13,762.287,97,980176896,/mnt/nvme/chharness/qpl-hardware-dynamic-async-c1048576-w8-i1
silesia,restore,qpl-hardware-dynamic-async,1048576,32,14,768.740,96,980176896,/mnt/nvme/chharness/qpl-hardware-dynamic-async-c1048576-w8-i1
silesia,restore,qpl-hardware-dynamic-async,1048576,32,15,759.856,97,980176896,/mnt/nvme/chharness/qpl-hardware-dynamic-async-c1048576-w8-i1
silesia,restore,qpl-hardware-dynamic-async,1048576,32,16,761.852,97,980176896,/mnt/nvme/chharness/qpl-hardware-dynamic-async-c1048576-w8-i1
silesia,restore,qpl-hardware-dynamic-async,1048576,32,17,768.400,96,980176896,/mnt/nvme/chharness/qpl-hardware-dynamic-async-c1048576-w8-i1
silesia,restore,qpl-hardware-dynamic-async,1048576,32,18,768.336,97,980176896,/mnt/nvme/chharness/qpl-hardware-dynamic-async-c1048576-w8-i1
silesia,restore,qpl-hardware-dynamic-async,1048576,32,19,764.098,96,980176896,/mnt/nvme/chharness/qpl-hardware-dynamic-async-c1048576-w8-i1
silesia,restore,qpl-hardware-dynamic-async,1048576,32,20,759.919,97,980176896,/mnt/nvme/chharness/qpl-hardware-dynamic-async-c1048576-w8-i1
silesia,restore,qpl-hardware-dynamic-async+cpuslot,1048576,32,1,769.508,96,980180992,/mnt/nvme/chharness/qpl-hardware-dynamic-async+cpuslot-c1048576-w8-i1
silesia,restore,qpl-hardware-dynamic-async+cpuslot,1048576,32,2,764.484,97,980180992,/mnt/nvme/chharness/qpl-hardware-dynamic-async+cpuslot-c1048576-w8-i1
silesia,restore,qpl-hardware-dynamic-async+cpuslot,1048576,32,3,764.770,97,980180992,/mnt/nvme/chharness/qpl-hardware-dynamic-async+cpuslot-c1048576-w8-i1
silesia,restore,qpl-hardware-dynamic-async+cpuslot,1048576,32,4,767.420,96,980180992,/mnt/nvme/chharness/qpl-hardware-dynamic-async+cpuslot-c1048576-w8-i1
silesia,restore,qpl-hardware-dynamic-async+cpuslot,1048576,32,5,763.192,97,980180992,/mnt/nvme/chharness/qpl-hardware-dynamic-async+cpuslot-c1048576-w8-i1
silesia,restore,qpl-hardware-dynamic-async+cpuslot,1048576,32,6,764.203,97,980180992,/mnt/nvme/chharness/qpl-hardware-dynamic-async+cpuslot-c1048576-w8-i1
silesia,restore,qpl-hardware-dynamic-async+cpuslot,1048576,32,7,769.278,96,980180992,/mnt/nvme/chharness/qpl-hardware-dynamic-async+cpuslot-c1048576-w8-i1
silesia,restore,qpl-hardware-dynamic-async+cpuslot,1048576,32,8,768.234,96,980180992,/mnt/nvme/chharness/qpl-hardware-dynamic-async+cpuslot-c1048576-w8-i1
silesia,restore,qpl-hardware-dynamic-async+cpuslot,1048576,32,9,769.543,96,980180992,/mnt/nvme/chharness/qpl-hardware-dynamic-async+cpuslot-c1048576-w8-i1
silesia,restore,qpl-hardware-dynamic-async+cpuslot,1048576,32,10,782.226,94,980180992,/mnt/nvme/chharness/qpl-hardware-dynamic-async+cpuslot-c1048576-w8-i1
silesia,restore,qpl-hardware-dynamic-async+cpuslot,1048576,32,11,762.590,97,980180992,/mnt/nvme/chharness/qpl-hardware-dynamic-async+cpuslot-c1048576-w8-i1
silesia,restore,qpl-hardware-dynamic-async+cpuslot,1048576,32,12,764.864,97,980180992,/mnt/nvme/chharness/qpl-hardware-dynamic-async+cpuslot-c1048576-w8-i1
silesia,restore,qpl-hardware-dynamic-async+cpuslot,1048576,32,13,761.844,97,980180992,/mnt/nvme/chharness/qpl-hardware-dynamic-async+cpuslot-c1048576-w8-i1
silesia,restore,qpl-hardware-dynamic-async+cpuslot,1048576,32,14,769.031,96,980180992,/mnt/nvme/chharness/qpl-hardware-dynamic-async+cpuslot-c1048576-w8-i1
silesia,restore,qpl-hardware-dynamic-async+cpuslot,1048576,32,15,768.732,96,980180992,/mnt/nvme/chharness/qpl-hardware-dynamic-async+cpuslot-c1048576-w8-i1
silesia,restore,qpl-hardware-dynamic-async+cpuslot,1048576,32,16,765.782,97,980180992,/mnt/nvme/chharness/qpl-hardware-dynamic-async+cpuslot-c1048576-w8-i1
silesia,restore,qpl-hardware-dynamic-async+cpuslot,1048576,32,17,770.523,96,980180992,/mnt/nvme/chharness/qpl-hardware-dynamic-async+cpuslot-c1048576-w8-i1
silesia,restore,qpl-hardware-dynamic-async+cpuslot,1048576,32,18,773.600,96,980180992,/mnt/nvme/chharness/qpl-hardware-dynamic-async+cpuslot-c1048576-w8-i1
silesia,restore,qpl-hardware-dynamic-async+cpuslot,1048576,32,19,770.882,96,980180992,/mnt/nvme/chharness/qpl-hardware-dynamic-async+cpuslot-c1048576-w8-i1
silesia,restore,qpl-hardware-dynamic-async+cpuslot,1048576,32,20,780.917,94,980180992,/mnt/nvme/chharness/qpl-hardware-dynamic-async+cpuslot-c1048576-w8-i1
silesia,restore,qpl-hardware-dynamic-async+dsaslot,1048576,32,1,773.560,96,980180992,/mnt/nvme/chharness/qpl-hardware-dynamic-async+dsaslot-c1048576-w8-i1
silesia,restore,qpl-hardware-dynamic-async+dsaslot,1048576,32,2,766.269,97,980180992,/mnt/nvme/chharness/qpl-hardware-dynamic-async+dsaslot-c1048576-w8-i1
silesia,restore,qpl-hardware-dynamic-async+dsaslot,1048576,32,3,770.385,96,980180992,/mnt/nvme/chharness/qpl-hardware-dynamic-async+dsaslot-c1048576-w8-i1
silesia,restore,qpl-hardware-dynamic-async+dsaslot,1048576,32,4,763.712,97,980180992,/mnt/nvme/chharness/qpl-hardware-dynamic-async+dsaslot-c1048576-w8-i1
silesia,restore,qpl-hardware-dynamic-async+dsaslot,1048576,32,5,769.249,96,980180992,/mnt/nvme/chharness/qpl-hardware-dynamic-async+dsaslot-c1048576-w8-i1
silesia,restore,qpl-hardware-dynamic-async+dsaslot,1048576,32,6,775.952,96,980180992,/mnt/nvme/chharness/qpl-hardware-dynamic-async+dsaslot-c1048576-w8-i1
silesia,restore,qpl-hardware-dynamic-async+dsaslot,1048576,32,7,766.019,97,980180992,/mnt/nvme/chharness/qpl-hardware-dynamic-async+dsaslot-c1048576-w8-i1
silesia,restore,qpl-hardware-dynamic-async+dsaslot,1048576,32,8,764.843,97,980180992,/mnt/nvme/chharness/qpl-hardware-dynamic-async+dsaslot-c1048576-w8-i1
silesia,restore,qpl-hardware-dynamic-async+dsaslot,1048576,32,9,765.053,97,980180992,/mnt/nvme/chharness/qpl-hardware-dynamic-async+dsaslot-c1048576-w8-i1
silesia,restore,qpl-hardware-dynamic-async+dsaslot,1048576,32,10,763.266,97,980180992,/mnt/nvme/chharness/qpl-hardware-dynamic-async+dsaslot-c1048576-w8-i1
silesia,restore,qpl-hardware-dynamic-async+dsaslot,1048576,32,11,767.828,96,980180992,/mnt/nvme/chharness/qpl-hardware-dynamic-async+dsaslot-c1048576-w8-i1
silesia,restore,qpl-hardware-dynamic-async+dsaslot,1048576,32,12,772.914,96,980180992,/mnt/nvme/chharness/qpl-hardware-dynamic-async+dsaslot-c1048576-w8-i1
silesia,restore,qpl-hardware-dynamic-async+dsaslot,1048576,32,13,777.061,95,980180992,/mnt/nvme/chharness/qpl-hardware-dynamic-async+dsaslot-c1048576-w8-i1
silesia,restore,qpl-hardware-dynamic-async+dsaslot,1048576,32,14,763.528,97,980180992,/mnt/nvme/chharness/qpl-hardware-dynamic-async+dsaslot-c1048576-w8-i1
silesia,restore,qpl-hardware-dynamic-async+dsaslot,1048576,32,15,772.809,96,980180992,/mnt/nvme/chharness/qpl-hardware-dynamic-async+dsaslot-c1048576-w8-i1
silesia,restore,qpl-hardware-dynamic-async+dsaslot,1048576,32,16,776.471,95,980180992,/mnt/nvme/chharness/qpl-hardware-dynamic-async+dsaslot-c1048576-w8-i1
silesia,restore,qpl-hardware-dynamic-async+dsaslot,1048576,32,17,769.080,96,980180992,/mnt/nvme/chharness/qpl-hardware-dynamic-async+dsaslot-c1048576-w8-i1
silesia,restore,qpl-hardware-dynamic-async+dsaslot,1048576,32,18,767.464,96,980180992,/mnt/nvme/chharness/qpl-hardware-dynamic-async+dsaslot-c1048576-w8-i1
silesia,restore,qpl-hardware-dynamic-async+dsaslot,1048576,32,19,761.024,97,980180992,/mnt/nvme/chharness/qpl-hardware-dynamic-async+dsaslot-c1048576-w8-i1
silesia,restore,qpl-hardware-dynamic-async+dsaslot,1048576,32,20,779.273,95,980180992,/mnt/nvme/chharness/qpl-hardware-dynamic-async+dsaslot-c1048576-w8-i1
silesia,restore,qpl-hardware-dynamic-async+cpu,1048576,32,1,769.067,96,980176896,/mnt/nvme/chharness/qpl-hardware-dynamic-async+cpu-c1048576-w8-i1
silesia,restore,qpl-hardware-dynamic-async+cpu,1048576,32,2,770.325,96,980176896,/mnt/nvme/chharness/qpl-hardware-dynamic-async+cpu-c1048576-w8-i1
silesia,restore,qpl-hardware-dynamic-async+cpu,1048576,32,3,769.421,96,980176896,/mnt/nvme/chharness/qpl-hardware-dynamic-async+cpu-c1048576-w8-i1
silesia,restore,qpl-hardware-dynamic-async+cpu,1048576,32,4,774.286,96,980176896,/mnt/nvme/chharness/qpl-hardware-dynamic-async+cpu-c1048576-w8-i1
silesia,restore,qpl-hardware-dynamic-async+cpu,1048576,32,5,766.677,97,980176896,/mnt/nvme/chharness/qpl-hardware-dynamic-async+cpu-c1048576-w8-i1
silesia,restore,qpl-hardware-dynamic-async+cpu,1048576,32,6,769.680,96,980176896,/mnt/nvme/chharness/qpl-hardware-dynamic-async+cpu-c1048576-w8-i1
silesia,restore,qpl-hardware-dynamic-async+cpu,1048576,32,7,760.863,97,980176896,/mnt/nvme/chharness/qpl-hardware-dynamic-async+cpu-c1048576-w8-i1
silesia,restore,qpl-hardware-dynamic-async+cpu,1048576,32,8,774.336,96,980176896,/mnt/nvme/chharness/qpl-hardware-dynamic-async+cpu-c1048576-w8-i1
silesia,restore,qpl-hardware-dynamic-async+cpu,1048576,32,9,778.457,95,980176896,/mnt/nvme/chharness/qpl-hardware-dynamic-async+cpu-c1048576-w8-i1
silesia,restore,qpl-hardware-dynamic-async+cpu,1048576,32,10,770.829,96,980176896,/mnt/nvme/chharness/qpl-hardware-dynamic-async+cpu-c1048576-w8-i1
silesia,restore,qpl-hardware-dynamic-async+cpu,1048576,32,11,769.318,96,980176896,/mnt/nvme/chharness/qpl-hardware-dynamic-async+cpu-c1048576-w8-i1
silesia,restore,qpl-hardware-dynamic-async+cpu,1048576,32,12,769.917,96,980176896,/mnt/nvme/chharness/qpl-hardware-dynamic-async+cpu-c1048576-w8-i1
silesia,restore,qpl-hardware-dynamic-async+cpu,1048576,32,13,767.287,96,980176896,/mnt/nvme/chharness/qpl-hardware-dynamic-async+cpu-c1048576-w8-i1
silesia,restore,qpl-hardware-dynamic-async+cpu,1048576,32,14,764.120,97,980176896,/mnt/nvme/chharness/qpl-hardware-dynamic-async+cpu-c1048576-w8-i1
silesia,restore,qpl-hardware-dynamic-async+cpu,1048576,32,15,766.202,97,980176896,/mnt/nvme/chharness/qpl-hardware-dynamic-async+cpu-c1048576-w8-i1
silesia,restore,qpl-hardware-dynamic-async+cpu,1048576,32,16,772.646,96,980176896,/mnt/nvme/chharness/qpl-hardware-dynamic-async+cpu-c1048576-w8-i1
silesia,restore,qpl-hardware-dynamic-async+cpu,1048576,32,17,767.644,96,980176896,/mnt/nvme/chharness/qpl-hardware-dynamic-async+cpu-c1048576-w8-i1
silesia,restore,qpl-hardware-dynamic-async+cpu,1048576,32,18,766.009,96,980176896,/mnt/nvme/chharness/qpl-hardware-dynamic-async+cpu-c1048576-w8-i1
silesia,restore,qpl-hardware-dynamic-async+cpu,1048576,32,19,766.529,96,980176896,/mnt/nvme/chharness/qpl-hardware-dynamic-async+cpu-c1048576-w8-i1
silesia,restore,qpl-hardware-dynamic-async+cpu,1048576,32,20,770.622,96,980176896,/mnt/nvme/chharness/qpl-hardware-dynamic-async+cpu-c1048576-w8-i1
silesia,restore,qpl-hardware-dynamic-async+dsa,1048576,32,1,776.558,95,980180992,/mnt/nvme/chharness/qpl-hardware-dynamic-async+dsa-c1048576-w8-i1
silesia,restore,qpl-hardware-dynamic-async+dsa,1048576,32,2,769.588,96,980180992,/mnt/nvme/chharness/qpl-hardware-dynamic-async+dsa-c1048576-w8-i1
silesia,restore,qpl-hardware-dynamic-async+dsa,1048576,32,3,767.773,97,980180992,/mnt/nvme/chharness/qpl-hardware-dynamic-async+dsa-c1048576-w8-i1
silesia,restore,qpl-hardware-dynamic-async+dsa,1048576,32,4,777.729,95,980180992,/mnt/nvme/chharness/qpl-hardware-dynamic-async+dsa-c1048576-w8-i1
silesia,restore,qpl-hardware-dynamic-async+dsa,1048576,32,5,774.504,96,980180992,/mnt/nvme/chharness/qpl-hardware-dynamic-async+dsa-c1048576-w8-i1
silesia,restore,qpl-hardware-dynamic-async+dsa,1048576,32,6,768.962,96,980180992,/mnt/nvme/chharness/qpl-hardware-dynamic-async+dsa-c1048576-w8-i1
silesia,restore,qpl-hardware-dynamic-async+dsa,1048576,32,7,772.391,96,980180992,/mnt/nvme/chharness/qpl-hardware-dynamic-async+dsa-c1048576-w8-i1
silesia,restore,qpl-hardware-dynamic-async+dsa,1048576,32,8,768.976,96,980180992,/mnt/nvme/chharness/qpl-hardware-dynamic-async+dsa-c1048576-w8-i1
silesia,restore,qpl-hardware-dynamic-async+dsa,1048576,32,9,765.984,96,980180992,/mnt/nvme/chharness/qpl-hardware-dynamic-async+dsa-c1048576-w8-i1
silesia,restore,qpl-hardware-dynamic-async+dsa,1048576,32,10,766.127,97,980180992,/mnt/nvme/chharness/qpl-hardware-dynamic-async+dsa-c1048576-w8-i1
silesia,restore,qpl-hardware-dynamic-async+dsa,1048576,32,11,768.694,96,980180992,/mnt/nvme/chharness/qpl-hardware-dynamic-async+dsa-c1048576-w8-i1
silesia,restore,qpl-hardware-dynamic-async+dsa,1048576,32,12,767.348,96,980180992,/mnt/nvme/chharness/qpl-hardware-dynamic-async+dsa-c1048576-w8-i1
silesia,restore,qpl-hardware-dynamic-async+dsa,1048576,32,13,762.420,97,980180992,/mnt/nvme/chharness/qpl-hardware-dynamic-async+dsa-c1048576-w8-i1
silesia,restore,qpl-hardware-dynamic-async+dsa,1048576,32,14,781.148,95,980180992,/mnt/nvme/chharness/qpl-hardware-dynamic-async+dsa-c1048576-w8-i1
silesia,restore,qpl-hardware-dynamic-async+dsa,1048576,32,15,763.606,97,980180992,/mnt/nvme/chharness/qpl-hardware-dynamic-async+dsa-c1048576-w8-i1
silesia,restore,qpl-hardware-dynamic-async+dsa,1048576,32,16,765.563,97,980180992,/mnt/nvme/chharness/qpl-hardware-dynamic-async+dsa-c1048576-w8-i1
silesia,restore,qpl-hardware-dynamic-async+dsa,1048576,32,17,764.788,97,980180992,/mnt/nvme/chharness/qpl-hardware-dynamic-async+dsa-c1048576-w8-i1
silesia,restore,qpl-hardware-dynamic-async+dsa,1048576,32,18,772.475,96,980180992,/mnt/nvme/chharness/qpl-hardware-dynamic-async+dsa-c1048576-w8-i1
silesia,restore,qpl-hardware-dynamic-async+dsa,1048576,32,19,765.520,97,980180992,/mnt/nvme/chharness/qpl-hardware-dynamic-async+dsa-c1048576-w8-i1
silesia,restore,qpl-hardware-dynamic-async+dsa,1048576,32,20,765.924,96,980180992,/mnt/nvme/chharness/qpl-hardware-dynamic-async+dsa-c1048576-w8-i1
