dataset,phase,codec,chunk_size,workers,iteration,elapsed_ms,cpu_util_pct,stored_bytes,snapshot_dir
silesia,snapshot,raw,0,1,1,1158.228,90,2692116480,/mnt/chsnap/harness/raw-c0-w1-i1
silesia,snapshot,raw,0,1,2,1142.775,90,2692116480,/mnt/chsnap/harness/raw-c0-w1-i2
silesia,snapshot,raw,0,1,3,1160.859,90,2692116480,/mnt/chsnap/harness/raw-c0-w1-i3
silesia,snapshot,raw,0,1,4,1146.856,90,2692116480,/mnt/chsnap/harness/raw-c0-w1-i4
silesia,snapshot,raw,0,1,5,1155.755,90,2692116480,/mnt/chsnap/harness/raw-c0-w1-i5
silesia,snapshot,raw,0,1,6,1151.628,90,2692116480,/mnt/chsnap/harness/raw-c0-w1-i6
silesia,snapshot,raw,0,1,7,1160.945,91,2692116480,/mnt/chsnap/harness/raw-c0-w1-i7
silesia,snapshot,raw,0,1,8,1152.566,90,2692116480,/mnt/chsnap/harness/raw-c0-w1-i8
silesia,snapshot,raw,0,1,9,1153.617,90,2692116480,/mnt/chsnap/harness/raw-c0-w1-i9
silesia,snapshot,raw,0,1,10,1153.335,91,2692116480,/mnt/chsnap/harness/raw-c0-w1-i10
silesia,snapshot,raw,0,1,11,1155.764,90,2692116480,/mnt/chsnap/harness/raw-c0-w1-i11
silesia,snapshot,raw,0,1,12,1160.934,90,2692116480,/mnt/chsnap/harness/raw-c0-w1-i12
silesia,snapshot,raw,0,1,13,1153.821,90,2692116480,/mnt/chsnap/harness/raw-c0-w1-i13
silesia,snapshot,raw,0,1,14,1150.412,91,2692116480,/mnt/chsnap/harness/raw-c0-w1-i14
silesia,snapshot,raw,0,1,15,1157.732,90,2692116480,/mnt/chsnap/harness/raw-c0-w1-i15
silesia,snapshot,raw,0,1,16,1148.316,90,2692116480,/mnt/chsnap/harness/raw-c0-w1-i16
silesia,snapshot,raw,0,1,17,1155.952,90,2692116480,/mnt/chsnap/harness/raw-c0-w1-i17
silesia,snapshot,raw,0,1,18,1152.732,91,2692116480,/mnt/chsnap/harness/raw-c0-w1-i18
silesia,snapshot,raw,0,1,19,1150.943,90,2692116480,/mnt/chsnap/harness/raw-c0-w1-i19
silesia,snapshot,raw,0,1,20,1152.355,91,2692116480,/mnt/chsnap/harness/raw-c0-w1-i20
silesia,snapshot,qpl-hardware-static-async,1048576,8,1,1237.216,91,1145659392,/mnt/chsnap/harness/qpl-hardware-static-async-c1048576-w8-i1
silesia,snapshot,qpl-hardware-static-async,1048576,8,2,1235.072,91,1145659392,/mnt/chsnap/harness/qpl-hardware-static-async-c1048576-w8-i2
silesia,snapshot,qpl-hardware-static-async,1048576,8,3,1234.533,91,1145659392,/mnt/chsnap/harness/qpl-hardware-static-async-c1048576-w8-i3
silesia,snapshot,qpl-hardware-static-async,1048576,8,4,1234.955,91,1145659392,/mnt/chsnap/harness/qpl-hardware-static-async-c1048576-w8-i4
silesia,snapshot,qpl-hardware-static-async,1048576,8,5,1233.429,91,1145659392,/mnt/chsnap/harness/qpl-hardware-static-async-c1048576-w8-i5
silesia,snapshot,qpl-hardware-static-async,1048576,8,6,1239.786,91,1145659392,/mnt/chsnap/harness/qpl-hardware-static-async-c1048576-w8-i6
silesia,snapshot,qpl-hardware-static-async,1048576,8,7,1236.123,91,1145659392,/mnt/chsnap/harness/qpl-hardware-static-async-c1048576-w8-i7
silesia,snapshot,qpl-hardware-static-async,1048576,8,8,1235.696,91,1145659392,/mnt/chsnap/harness/qpl-hardware-static-async-c1048576-w8-i8
silesia,snapshot,qpl-hardware-static-async,1048576,8,9,1233.022,91,1145659392,/mnt/chsnap/harness/qpl-hardware-static-async-c1048576-w8-i9
silesia,snapshot,qpl-hardware-static-async,1048576,8,10,1236.281,91,1145659392,/mnt/chsnap/harness/qpl-hardware-static-async-c1048576-w8-i10
silesia,snapshot,qpl-hardware-static-async,1048576,8,11,1270.978,91,1145659392,/mnt/chsnap/harness/qpl-hardware-static-async-c1048576-w8-i11
silesia,snapshot,qpl-hardware-static-async,1048576,8,12,1246.797,91,1145659392,/mnt/chsnap/harness/qpl-hardware-static-async-c1048576-w8-i12
silesia,snapshot,qpl-hardware-static-async,1048576,8,13,1237.410,91,1145659392,/mnt/chsnap/harness/qpl-hardware-static-async-c1048576-w8-i13
silesia,snapshot,qpl-hardware-static-async,1048576,8,14,1236.345,91,1145659392,/mnt/chsnap/harness/qpl-hardware-static-async-c1048576-w8-i14
silesia,snapshot,qpl-hardware-static-async,1048576,8,15,1236.524,91,1145659392,/mnt/chsnap/harness/qpl-hardware-static-async-c1048576-w8-i15
silesia,snapshot,qpl-hardware-static-async,1048576,8,16,1237.489,91,1145659392,/mnt/chsnap/harness/qpl-hardware-static-async-c1048576-w8-i16
silesia,snapshot,qpl-hardware-static-async,1048576,8,17,1234.811,91,1145659392,/mnt/chsnap/harness/qpl-hardware-static-async-c1048576-w8-i17
silesia,snapshot,qpl-hardware-static-async,1048576,8,18,1244.922,91,1145659392,/mnt/chsnap/harness/qpl-hardware-static-async-c1048576-w8-i18
silesia,snapshot,qpl-hardware-static-async,1048576,8,19,1237.829,91,1145659392,/mnt/chsnap/harness/qpl-hardware-static-async-c1048576-w8-i19
silesia,snapshot,qpl-hardware-static-async,1048576,8,20,1237.508,91,1145659392,/mnt/chsnap/harness/qpl-hardware-static-async-c1048576-w8-i20
silesia,snapshot,qpl-hardware-static-async,1048576,16,1,1243.660,91,1145659392,/mnt/chsnap/harness/qpl-hardware-static-async-c1048576-w16-i1
silesia,snapshot,qpl-hardware-static-async,1048576,16,2,1247.222,91,1145659392,/mnt/chsnap/harness/qpl-hardware-static-async-c1048576-w16-i2
silesia,snapshot,qpl-hardware-static-async,1048576,16,3,1245.875,91,1145659392,/mnt/chsnap/harness/qpl-hardware-static-async-c1048576-w16-i3
silesia,snapshot,qpl-hardware-static-async,1048576,16,4,1244.132,91,1145659392,/mnt/chsnap/harness/qpl-hardware-static-async-c1048576-w16-i4
silesia,snapshot,qpl-hardware-static-async,1048576,16,5,1245.997,91,1145659392,/mnt/chsnap/harness/qpl-hardware-static-async-c1048576-w16-i5
silesia,snapshot,qpl-hardware-static-async,1048576,16,6,1243.321,91,1145659392,/mnt/chsnap/harness/qpl-hardware-static-async-c1048576-w16-i6
silesia,snapshot,qpl-hardware-static-async,1048576,16,7,1241.109,91,1145659392,/mnt/chsnap/harness/qpl-hardware-static-async-c1048576-w16-i7
silesia,snapshot,qpl-hardware-static-async,1048576,16,8,1243.137,91,1145659392,/mnt/chsnap/harness/qpl-hardware-static-async-c1048576-w16-i8
silesia,snapshot,qpl-hardware-static-async,1048576,16,9,1243.242,91,1145659392,/mnt/chsnap/harness/qpl-hardware-static-async-c1048576-w16-i9
silesia,snapshot,qpl-hardware-static-async,1048576,16,10,1243.919,91,1145659392,/mnt/chsnap/harness/qpl-hardware-static-async-c1048576-w16-i10
silesia,snapshot,qpl-hardware-static-async,1048576,16,11,1245.175,91,1145659392,/mnt/chsnap/harness/qpl-hardware-static-async-c1048576-w16-i11
silesia,snapshot,qpl-hardware-static-async,1048576,16,12,1245.666,91,1145659392,/mnt/chsnap/harness/qpl-hardware-static-async-c1048576-w16-i12
silesia,snapshot,qpl-hardware-static-async,1048576,16,13,1247.755,91,1145659392,/mnt/chsnap/harness/qpl-hardware-static-async-c1048576-w16-i13
silesia,snapshot,qpl-hardware-static-async,1048576,16,14,1242.483,91,1145659392,/mnt/chsnap/harness/qpl-hardware-static-async-c1048576-w16-i14
silesia,snapshot,qpl-hardware-static-async,1048576,16,15,1242.851,91,1145659392,/mnt/chsnap/harness/qpl-hardware-static-async-c1048576-w16-i15
silesia,snapshot,qpl-hardware-static-async,1048576,16,16,1245.501,91,1145659392,/mnt/chsnap/harness/qpl-hardware-static-async-c1048576-w16-i16
silesia,snapshot,qpl-hardware-static-async,1048576,16,17,1242.764,91,1145659392,/mnt/chsnap/harness/qpl-hardware-static-async-c1048576-w16-i17
silesia,snapshot,qpl-hardware-static-async,1048576,16,18,1243.188,91,1145659392,/mnt/chsnap/harness/qpl-hardware-static-async-c1048576-w16-i18
silesia,snapshot,qpl-hardware-static-async,1048576,16,19,1242.097,91,1145659392,/mnt/chsnap/harness/qpl-hardware-static-async-c1048576-w16-i19
silesia,snapshot,qpl-hardware-static-async,1048576,16,20,1241.542,91,1145659392,/mnt/chsnap/harness/qpl-hardware-static-async-c1048576-w16-i20
silesia,snapshot,qpl-hardware-static-async,1048576,32,1,1272.461,91,1145659392,/mnt/chsnap/harness/qpl-hardware-static-async-c1048576-w32-i1
silesia,snapshot,qpl-hardware-static-async,1048576,32,2,1264.376,91,1145659392,/mnt/chsnap/harness/qpl-hardware-static-async-c1048576-w32-i2
silesia,snapshot,qpl-hardware-static-async,1048576,32,3,1265.596,91,1145659392,/mnt/chsnap/harness/qpl-hardware-static-async-c1048576-w32-i3
silesia,snapshot,qpl-hardware-static-async,1048576,32,4,1262.665,91,1145659392,/mnt/chsnap/harness/qpl-hardware-static-async-c1048576-w32-i4
silesia,snapshot,qpl-hardware-static-async,1048576,32,5,1262.701,91,1145659392,/mnt/chsnap/harness/qpl-hardware-static-async-c1048576-w32-i5
silesia,snapshot,qpl-hardware-static-async,1048576,32,6,1262.305,91,1145659392,/mnt/chsnap/harness/qpl-hardware-static-async-c1048576-w32-i6
silesia,snapshot,qpl-hardware-static-async,1048576,32,7,1262.964,91,1145659392,/mnt/chsnap/harness/qpl-hardware-static-async-c1048576-w32-i7
silesia,snapshot,qpl-hardware-static-async,1048576,32,8,1264.737,91,1145659392,/mnt/chsnap/harness/qpl-hardware-static-async-c1048576-w32-i8
silesia,snapshot,qpl-hardware-static-async,1048576,32,9,1261.264,91,1145659392,/mnt/chsnap/harness/qpl-hardware-static-async-c1048576-w32-i9
silesia,snapshot,qpl-hardware-static-async,1048576,32,10,1264.436,91,1145659392,/mnt/chsnap/harness/qpl-hardware-static-async-c1048576-w32-i10
silesia,snapshot,qpl-hardware-static-async,1048576,32,11,1265.115,91,1145659392,/mnt/chsnap/harness/qpl-hardware-static-async-c1048576-w32-i11
silesia,snapshot,qpl-hardware-static-async,1048576,32,12,1263.587,91,1145659392,/mnt/chsnap/harness/qpl-hardware-static-async-c1048576-w32-i12
silesia,snapshot,qpl-hardware-static-async,1048576,32,13,1263.286,91,1145659392,/mnt/chsnap/harness/qpl-hardware-static-async-c1048576-w32-i13
silesia,snapshot,qpl-hardware-static-async,1048576,32,14,1263.998,91,1145659392,/mnt/chsnap/harness/qpl-hardware-static-async-c1048576-w32-i14
silesia,snapshot,qpl-hardware-static-async,1048576,32,15,1264.324,91,1145659392,/mnt/chsnap/harness/qpl-hardware-static-async-c1048576-w32-i15
silesia,snapshot,qpl-hardware-static-async,1048576,32,16,1267.367,91,1145659392,/mnt/chsnap/harness/qpl-hardware-static-async-c1048576-w32-i16
silesia,snapshot,qpl-hardware-static-async,1048576,32,17,1265.690,91,1145659392,/mnt/chsnap/harness/qpl-hardware-static-async-c1048576-w32-i17
silesia,snapshot,qpl-hardware-static-async,1048576,32,18,1269.487,91,1145659392,/mnt/chsnap/harness/qpl-hardware-static-async-c1048576-w32-i18
silesia,snapshot,qpl-hardware-static-async,1048576,32,19,1262.872,91,1145659392,/mnt/chsnap/harness/qpl-hardware-static-async-c1048576-w32-i19
silesia,snapshot,qpl-hardware-static-async,1048576,32,20,1268.644,91,1145659392,/mnt/chsnap/harness/qpl-hardware-static-async-c1048576-w32-i20
silesia,snapshot,qpl-hardware-static-async+cpuslot,1048576,8,1,422.628,80,1145659392,/mnt/chsnap/harness/qpl-hardware-static-async+cpuslot-c1048576-w8-i1
silesia,snapshot,qpl-hardware-static-async+cpuslot,1048576,8,2,418.495,79,1145659392,/mnt/chsnap/harness/qpl-hardware-static-async+cpuslot-c1048576-w8-i2
silesia,snapshot,qpl-hardware-static-async+cpuslot,1048576,8,3,421.038,79,1145659392,/mnt/chsnap/harness/qpl-hardware-static-async+cpuslot-c1048576-w8-i3
silesia,snapshot,qpl-hardware-static-async+cpuslot,1048576,8,4,420.115,79,1145659392,/mnt/chsnap/harness/qpl-hardware-static-async+cpuslot-c1048576-w8-i4
silesia,snapshot,qpl-hardware-static-async+cpuslot,1048576,8,5,420.019,79,1145659392,/mnt/chsnap/harness/qpl-hardware-static-async+cpuslot-c1048576-w8-i5
silesia,snapshot,qpl-hardware-static-async+cpuslot,1048576,8,6,419.201,79,1145659392,/mnt/chsnap/harness/qpl-hardware-static-async+cpuslot-c1048576-w8-i6
silesia,snapshot,qpl-hardware-static-async+cpuslot,1048576,8,7,416.504,78,1145659392,/mnt/chsnap/harness/qpl-hardware-static-async+cpuslot-c1048576-w8-i7
silesia,snapshot,qpl-hardware-static-async+cpuslot,1048576,8,8,419.228,79,1145659392,/mnt/chsnap/harness/qpl-hardware-static-async+cpuslot-c1048576-w8-i8
silesia,snapshot,qpl-hardware-static-async+cpuslot,1048576,8,9,417.226,78,1145659392,/mnt/chsnap/harness/qpl-hardware-static-async+cpuslot-c1048576-w8-i9
silesia,snapshot,qpl-hardware-static-async+cpuslot,1048576,8,10,419.308,79,1145659392,/mnt/chsnap/harness/qpl-hardware-static-async+cpuslot-c1048576-w8-i10
silesia,snapshot,qpl-hardware-static-async+cpuslot,1048576,8,11,417.890,79,1145659392,/mnt/chsnap/harness/qpl-hardware-static-async+cpuslot-c1048576-w8-i11
silesia,snapshot,qpl-hardware-static-async+cpuslot,1048576,8,12,419.507,79,1145659392,/mnt/chsnap/harness/qpl-hardware-static-async+cpuslot-c1048576-w8-i12
silesia,snapshot,qpl-hardware-static-async+cpuslot,1048576,8,13,417.796,79,1145659392,/mnt/chsnap/harness/qpl-hardware-static-async+cpuslot-c1048576-w8-i13
silesia,snapshot,qpl-hardware-static-async+cpuslot,1048576,8,14,415.908,79,1145659392,/mnt/chsnap/harness/qpl-hardware-static-async+cpuslot-c1048576-w8-i14
silesia,snapshot,qpl-hardware-static-async+cpuslot,1048576,8,15,420.552,79,1145659392,/mnt/chsnap/harness/qpl-hardware-static-async+cpuslot-c1048576-w8-i15
silesia,snapshot,qpl-hardware-static-async+cpuslot,1048576,8,16,417.658,79,1145659392,/mnt/chsnap/harness/qpl-hardware-static-async+cpuslot-c1048576-w8-i16
silesia,snapshot,qpl-hardware-static-async+cpuslot,1048576,8,17,415.882,80,1145659392,/mnt/chsnap/harness/qpl-hardware-static-async+cpuslot-c1048576-w8-i17
silesia,snapshot,qpl-hardware-static-async+cpuslot,1048576,8,18,417.740,80,1145659392,/mnt/chsnap/harness/qpl-hardware-static-async+cpuslot-c1048576-w8-i18
silesia,snapshot,qpl-hardware-static-async+cpuslot,1048576,8,19,419.635,79,1145659392,/mnt/chsnap/harness/qpl-hardware-static-async+cpuslot-c1048576-w8-i19
silesia,snapshot,qpl-hardware-static-async+cpuslot,1048576,8,20,418.032,79,1145659392,/mnt/chsnap/harness/qpl-hardware-static-async+cpuslot-c1048576-w8-i20
silesia,snapshot,qpl-hardware-static-async+cpuslot,1048576,16,1,396.140,79,1145659392,/mnt/chsnap/harness/qpl-hardware-static-async+cpuslot-c1048576-w16-i1
silesia,snapshot,qpl-hardware-static-async+cpuslot,1048576,16,2,398.876,78,1145659392,/mnt/chsnap/harness/qpl-hardware-static-async+cpuslot-c1048576-w16-i2
silesia,snapshot,qpl-hardware-static-async+cpuslot,1048576,16,3,401.826,78,1145659392,/mnt/chsnap/harness/qpl-hardware-static-async+cpuslot-c1048576-w16-i3
silesia,snapshot,qpl-hardware-static-async+cpuslot,1048576,16,4,397.815,78,1145659392,/mnt/chsnap/harness/qpl-hardware-static-async+cpuslot-c1048576-w16-i4
silesia,snapshot,qpl-hardware-static-async+cpuslot,1048576,16,5,399.331,78,1145659392,/mnt/chsnap/harness/qpl-hardware-static-async+cpuslot-c1048576-w16-i5
silesia,snapshot,qpl-hardware-static-async+cpuslot,1048576,16,6,398.135,78,1145659392,/mnt/chsnap/harness/qpl-hardware-static-async+cpuslot-c1048576-w16-i6
silesia,snapshot,qpl-hardware-static-async+cpuslot,1048576,16,7,399.447,78,1145659392,/mnt/chsnap/harness/qpl-hardware-static-async+cpuslot-c1048576-w16-i7
silesia,snapshot,qpl-hardware-static-async+cpuslot,1048576,16,8,398.207,78,1145659392,/mnt/chsnap/harness/qpl-hardware-static-async+cpuslot-c1048576-w16-i8
silesia,snapshot,qpl-hardware-static-async+cpuslot,1048576,16,9,397.927,78,1145659392,/mnt/chsnap/harness/qpl-hardware-static-async+cpuslot-c1048576-w16-i9
silesia,snapshot,qpl-hardware-static-async+cpuslot,1048576,16,10,400.114,78,1145659392,/mnt/chsnap/harness/qpl-hardware-static-async+cpuslot-c1048576-w16-i10
silesia,snapshot,qpl-hardware-static-async+cpuslot,1048576,16,11,395.790,78,1145659392,/mnt/chsnap/harness/qpl-hardware-static-async+cpuslot-c1048576-w16-i11
silesia,snapshot,qpl-hardware-static-async+cpuslot,1048576,16,12,398.257,78,1145659392,/mnt/chsnap/harness/qpl-hardware-static-async+cpuslot-c1048576-w16-i12
silesia,snapshot,qpl-hardware-static-async+cpuslot,1048576,16,13,395.980,78,1145659392,/mnt/chsnap/harness/qpl-hardware-static-async+cpuslot-c1048576-w16-i13
silesia,snapshot,qpl-hardware-static-async+cpuslot,1048576,16,14,399.106,78,1145659392,/mnt/chsnap/harness/qpl-hardware-static-async+cpuslot-c1048576-w16-i14
silesia,snapshot,qpl-hardware-static-async+cpuslot,1048576,16,15,398.416,78,1145659392,/mnt/chsnap/harness/qpl-hardware-static-async+cpuslot-c1048576-w16-i15
silesia,snapshot,qpl-hardware-static-async+cpuslot,1048576,16,16,396.705,78,1145659392,/mnt/chsnap/harness/qpl-hardware-static-async+cpuslot-c1048576-w16-i16
silesia,snapshot,qpl-hardware-static-async+cpuslot,1048576,16,17,401.090,78,1145659392,/mnt/chsnap/harness/qpl-hardware-static-async+cpuslot-c1048576-w16-i17
silesia,snapshot,qpl-hardware-static-async+cpuslot,1048576,16,18,399.697,78,1145659392,/mnt/chsnap/harness/qpl-hardware-static-async+cpuslot-c1048576-w16-i18
silesia,snapshot,qpl-hardware-static-async+cpuslot,1048576,16,19,397.179,78,1145659392,/mnt/chsnap/harness/qpl-hardware-static-async+cpuslot-c1048576-w16-i19
silesia,snapshot,qpl-hardware-static-async+cpuslot,1048576,16,20,399.183,78,1145659392,/mnt/chsnap/harness/qpl-hardware-static-async+cpuslot-c1048576-w16-i20
silesia,snapshot,qpl-hardware-static-async+cpuslot,1048576,32,1,407.569,79,1145659392,/mnt/chsnap/harness/qpl-hardware-static-async+cpuslot-c1048576-w32-i1
silesia,snapshot,qpl-hardware-static-async+cpuslot,1048576,32,2,406.027,78,1145659392,/mnt/chsnap/harness/qpl-hardware-static-async+cpuslot-c1048576-w32-i2
silesia,snapshot,qpl-hardware-static-async+cpuslot,1048576,32,3,408.027,78,1145659392,/mnt/chsnap/harness/qpl-hardware-static-async+cpuslot-c1048576-w32-i3
silesia,snapshot,qpl-hardware-static-async+cpuslot,1048576,32,4,409.554,78,1145659392,/mnt/chsnap/harness/qpl-hardware-static-async+cpuslot-c1048576-w32-i4
silesia,snapshot,qpl-hardware-static-async+cpuslot,1048576,32,5,404.042,78,1145659392,/mnt/chsnap/harness/qpl-hardware-static-async+cpuslot-c1048576-w32-i5
silesia,snapshot,qpl-hardware-static-async+cpuslot,1048576,32,6,406.155,78,1145659392,/mnt/chsnap/harness/qpl-hardware-static-async+cpuslot-c1048576-w32-i6
silesia,snapshot,qpl-hardware-static-async+cpuslot,1048576,32,7,404.698,78,1145659392,/mnt/chsnap/harness/qpl-hardware-static-async+cpuslot-c1048576-w32-i7
silesia,snapshot,qpl-hardware-static-async+cpuslot,1048576,32,8,406.802,79,1145659392,/mnt/chsnap/harness/qpl-hardware-static-async+cpuslot-c1048576-w32-i8
silesia,snapshot,qpl-hardware-static-async+cpuslot,1048576,32,9,407.914,78,1145659392,/mnt/chsnap/harness/qpl-hardware-static-async+cpuslot-c1048576-w32-i9
silesia,snapshot,qpl-hardware-static-async+cpuslot,1048576,32,10,407.641,79,1145659392,/mnt/chsnap/harness/qpl-hardware-static-async+cpuslot-c1048576-w32-i10
silesia,snapshot,qpl-hardware-static-async+cpuslot,1048576,32,11,409.150,78,1145659392,/mnt/chsnap/harness/qpl-hardware-static-async+cpuslot-c1048576-w32-i11
silesia,snapshot,qpl-hardware-static-async+cpuslot,1048576,32,12,407.001,78,1145659392,/mnt/chsnap/harness/qpl-hardware-static-async+cpuslot-c1048576-w32-i12
silesia,snapshot,qpl-hardware-static-async+cpuslot,1048576,32,13,410.277,78,1145659392,/mnt/chsnap/harness/qpl-hardware-static-async+cpuslot-c1048576-w32-i13
silesia,snapshot,qpl-hardware-static-async+cpuslot,1048576,32,14,405.193,78,1145659392,/mnt/chsnap/harness/qpl-hardware-static-async+cpuslot-c1048576-w32-i14
silesia,snapshot,qpl-hardware-static-async+cpuslot,1048576,32,15,405.862,78,1145659392,/mnt/chsnap/harness/qpl-hardware-static-async+cpuslot-c1048576-w32-i15
silesia,snapshot,qpl-hardware-static-async+cpuslot,1048576,32,16,405.424,78,1145659392,/mnt/chsnap/harness/qpl-hardware-static-async+cpuslot-c1048576-w32-i16
silesia,snapshot,qpl-hardware-static-async+cpuslot,1048576,32,17,407.467,79,1145659392,/mnt/chsnap/harness/qpl-hardware-static-async+cpuslot-c1048576-w32-i17
silesia,snapshot,qpl-hardware-static-async+cpuslot,1048576,32,18,407.963,78,1145659392,/mnt/chsnap/harness/qpl-hardware-static-async+cpuslot-c1048576-w32-i18
silesia,snapshot,qpl-hardware-static-async+cpuslot,1048576,32,19,408.641,78,1145659392,/mnt/chsnap/harness/qpl-hardware-static-async+cpuslot-c1048576-w32-i19
silesia,snapshot,qpl-hardware-static-async+cpuslot,1048576,32,20,406.309,78,1145659392,/mnt/chsnap/harness/qpl-hardware-static-async+cpuslot-c1048576-w32-i20
silesia,snapshot,qpl-hardware-static-async+dsaslot,1048576,8,1,414.491,79,1145659392,/mnt/chsnap/harness/qpl-hardware-static-async+dsaslot-c1048576-w8-i1
silesia,snapshot,qpl-hardware-static-async+dsaslot,1048576,8,2,413.113,79,1145659392,/mnt/chsnap/harness/qpl-hardware-static-async+dsaslot-c1048576-w8-i2
silesia,snapshot,qpl-hardware-static-async+dsaslot,1048576,8,3,419.703,79,1145659392,/mnt/chsnap/harness/qpl-hardware-static-async+dsaslot-c1048576-w8-i3
silesia,snapshot,qpl-hardware-static-async+dsaslot,1048576,8,4,419.819,79,1145659392,/mnt/chsnap/harness/qpl-hardware-static-async+dsaslot-c1048576-w8-i4
silesia,snapshot,qpl-hardware-static-async+dsaslot,1048576,8,5,415.226,79,1145659392,/mnt/chsnap/harness/qpl-hardware-static-async+dsaslot-c1048576-w8-i5
silesia,snapshot,qpl-hardware-static-async+dsaslot,1048576,8,6,414.314,78,1145659392,/mnt/chsnap/harness/qpl-hardware-static-async+dsaslot-c1048576-w8-i6
silesia,snapshot,qpl-hardware-static-async+dsaslot,1048576,8,7,413.212,79,1145659392,/mnt/chsnap/harness/qpl-hardware-static-async+dsaslot-c1048576-w8-i7
silesia,snapshot,qpl-hardware-static-async+dsaslot,1048576,8,8,416.851,79,1145659392,/mnt/chsnap/harness/qpl-hardware-static-async+dsaslot-c1048576-w8-i8
silesia,snapshot,qpl-hardware-static-async+dsaslot,1048576,8,9,412.963,79,1145659392,/mnt/chsnap/harness/qpl-hardware-static-async+dsaslot-c1048576-w8-i9
silesia,snapshot,qpl-hardware-static-async+dsaslot,1048576,8,10,414.095,79,1145659392,/mnt/chsnap/harness/qpl-hardware-static-async+dsaslot-c1048576-w8-i10
silesia,snapshot,qpl-hardware-static-async+dsaslot,1048576,8,11,417.349,79,1145659392,/mnt/chsnap/harness/qpl-hardware-static-async+dsaslot-c1048576-w8-i11
silesia,snapshot,qpl-hardware-static-async+dsaslot,1048576,8,12,414.806,79,1145659392,/mnt/chsnap/harness/qpl-hardware-static-async+dsaslot-c1048576-w8-i12
silesia,snapshot,qpl-hardware-static-async+dsaslot,1048576,8,13,413.426,79,1145659392,/mnt/chsnap/harness/qpl-hardware-static-async+dsaslot-c1048576-w8-i13
silesia,snapshot,qpl-hardware-static-async+dsaslot,1048576,8,14,412.020,78,1145659392,/mnt/chsnap/harness/qpl-hardware-static-async+dsaslot-c1048576-w8-i14
silesia,snapshot,qpl-hardware-static-async+dsaslot,1048576,8,15,417.741,79,1145659392,/mnt/chsnap/harness/qpl-hardware-static-async+dsaslot-c1048576-w8-i15
silesia,snapshot,qpl-hardware-static-async+dsaslot,1048576,8,16,408.252,79,1145659392,/mnt/chsnap/harness/qpl-hardware-static-async+dsaslot-c1048576-w8-i16
silesia,snapshot,qpl-hardware-static-async+dsaslot,1048576,8,17,413.400,79,1145659392,/mnt/chsnap/harness/qpl-hardware-static-async+dsaslot-c1048576-w8-i17
silesia,snapshot,qpl-hardware-static-async+dsaslot,1048576,8,18,413.710,79,1145659392,/mnt/chsnap/harness/qpl-hardware-static-async+dsaslot-c1048576-w8-i18
silesia,snapshot,qpl-hardware-static-async+dsaslot,1048576,8,19,412.238,78,1145659392,/mnt/chsnap/harness/qpl-hardware-static-async+dsaslot-c1048576-w8-i19
silesia,snapshot,qpl-hardware-static-async+dsaslot,1048576,8,20,414.504,79,1145659392,/mnt/chsnap/harness/qpl-hardware-static-async+dsaslot-c1048576-w8-i20
silesia,snapshot,qpl-hardware-static-async+dsaslot,1048576,16,1,396.210,78,1145659392,/mnt/chsnap/harness/qpl-hardware-static-async+dsaslot-c1048576-w16-i1
silesia,snapshot,qpl-hardware-static-async+dsaslot,1048576,16,2,393.349,78,1145659392,/mnt/chsnap/harness/qpl-hardware-static-async+dsaslot-c1048576-w16-i2
silesia,snapshot,qpl-hardware-static-async+dsaslot,1048576,16,3,398.390,78,1145659392,/mnt/chsnap/harness/qpl-hardware-static-async+dsaslot-c1048576-w16-i3
silesia,snapshot,qpl-hardware-static-async+dsaslot,1048576,16,4,396.511,78,1145659392,/mnt/chsnap/harness/qpl-hardware-static-async+dsaslot-c1048576-w16-i4
silesia,snapshot,qpl-hardware-static-async+dsaslot,1048576,16,5,393.496,78,1145659392,/mnt/chsnap/harness/qpl-hardware-static-async+dsaslot-c1048576-w16-i5
silesia,snapshot,qpl-hardware-static-async+dsaslot,1048576,16,6,394.983,78,1145659392,/mnt/chsnap/harness/qpl-hardware-static-async+dsaslot-c1048576-w16-i6
silesia,snapshot,qpl-hardware-static-async+dsaslot,1048576,16,7,394.079,77,1145659392,/mnt/chsnap/harness/qpl-hardware-static-async+dsaslot-c1048576-w16-i7
silesia,snapshot,qpl-hardware-static-async+dsaslot,1048576,16,8,390.771,78,1145659392,/mnt/chsnap/harness/qpl-hardware-static-async+dsaslot-c1048576-w16-i8
silesia,snapshot,qpl-hardware-static-async+dsaslot,1048576,16,9,393.154,78,1145659392,/mnt/chsnap/harness/qpl-hardware-static-async+dsaslot-c1048576-w16-i9
silesia,snapshot,qpl-hardware-static-async+dsaslot,1048576,16,10,393.868,78,1145659392,/mnt/chsnap/harness/qpl-hardware-static-async+dsaslot-c1048576-w16-i10
silesia,snapshot,qpl-hardware-static-async+dsaslot,1048576,16,11,393.376,78,1145659392,/mnt/chsnap/harness/qpl-hardware-static-async+dsaslot-c1048576-w16-i11
silesia,snapshot,qpl-hardware-static-async+dsaslot,1048576,16,12,392.855,78,1145659392,/mnt/chsnap/harness/qpl-hardware-static-async+dsaslot-c1048576-w16-i12
silesia,snapshot,qpl-hardware-static-async+dsaslot,1048576,16,13,390.529,78,1145659392,/mnt/chsnap/harness/qpl-hardware-static-async+dsaslot-c1048576-w16-i13
silesia,snapshot,qpl-hardware-static-async+dsaslot,1048576,16,14,392.256,78,1145659392,/mnt/chsnap/harness/qpl-hardware-static-async+dsaslot-c1048576-w16-i14
silesia,snapshot,qpl-hardware-static-async+dsaslot,1048576,16,15,393.185,78,1145659392,/mnt/chsnap/harness/qpl-hardware-static-async+dsaslot-c1048576-w16-i15
silesia,snapshot,qpl-hardware-static-async+dsaslot,1048576,16,16,392.381,78,1145659392,/mnt/chsnap/harness/qpl-hardware-static-async+dsaslot-c1048576-w16-i16
silesia,snapshot,qpl-hardware-static-async+dsaslot,1048576,16,17,394.189,77,1145659392,/mnt/chsnap/harness/qpl-hardware-static-async+dsaslot-c1048576-w16-i17
silesia,snapshot,qpl-hardware-static-async+dsaslot,1048576,16,18,390.576,78,1145659392,/mnt/chsnap/harness/qpl-hardware-static-async+dsaslot-c1048576-w16-i18
silesia,snapshot,qpl-hardware-static-async+dsaslot,1048576,16,19,394.439,78,1145659392,/mnt/chsnap/harness/qpl-hardware-static-async+dsaslot-c1048576-w16-i19
silesia,snapshot,qpl-hardware-static-async+dsaslot,1048576,16,20,393.502,78,1145659392,/mnt/chsnap/harness/qpl-hardware-static-async+dsaslot-c1048576-w16-i20
silesia,snapshot,qpl-hardware-static-async+dsaslot,1048576,32,1,401.951,78,1145659392,/mnt/chsnap/harness/qpl-hardware-static-async+dsaslot-c1048576-w32-i1
silesia,snapshot,qpl-hardware-static-async+dsaslot,1048576,32,2,403.547,78,1145659392,/mnt/chsnap/harness/qpl-hardware-static-async+dsaslot-c1048576-w32-i2
silesia,snapshot,qpl-hardware-static-async+dsaslot,1048576,32,3,408.130,78,1145659392,/mnt/chsnap/harness/qpl-hardware-static-async+dsaslot-c1048576-w32-i3
silesia,snapshot,qpl-hardware-static-async+dsaslot,1048576,32,4,406.860,78,1145659392,/mnt/chsnap/harness/qpl-hardware-static-async+dsaslot-c1048576-w32-i4
silesia,snapshot,qpl-hardware-static-async+dsaslot,1048576,32,5,402.046,78,1145659392,/mnt/chsnap/harness/qpl-hardware-static-async+dsaslot-c1048576-w32-i5
silesia,snapshot,qpl-hardware-static-async+dsaslot,1048576,32,6,402.422,78,1145659392,/mnt/chsnap/harness/qpl-hardware-static-async+dsaslot-c1048576-w32-i6
silesia,snapshot,qpl-hardware-static-async+dsaslot,1048576,32,7,399.202,78,1145659392,/mnt/chsnap/harness/qpl-hardware-static-async+dsaslot-c1048576-w32-i7
silesia,snapshot,qpl-hardware-static-async+dsaslot,1048576,32,8,401.405,78,1145659392,/mnt/chsnap/harness/qpl-hardware-static-async+dsaslot-c1048576-w32-i8
silesia,snapshot,qpl-hardware-static-async+dsaslot,1048576,32,9,401.719,78,1145659392,/mnt/chsnap/harness/qpl-hardware-static-async+dsaslot-c1048576-w32-i9
silesia,snapshot,qpl-hardware-static-async+dsaslot,1048576,32,10,403.575,78,1145659392,/mnt/chsnap/harness/qpl-hardware-static-async+dsaslot-c1048576-w32-i10
silesia,snapshot,qpl-hardware-static-async+dsaslot,1048576,32,11,400.420,78,1145659392,/mnt/chsnap/harness/qpl-hardware-static-async+dsaslot-c1048576-w32-i11
silesia,snapshot,qpl-hardware-static-async+dsaslot,1048576,32,12,399.845,78,1145659392,/mnt/chsnap/harness/qpl-hardware-static-async+dsaslot-c1048576-w32-i12
silesia,snapshot,qpl-hardware-static-async+dsaslot,1048576,32,13,400.914,78,1145659392,/mnt/chsnap/harness/qpl-hardware-static-async+dsaslot-c1048576-w32-i13
silesia,snapshot,qpl-hardware-static-async+dsaslot,1048576,32,14,400.274,78,1145659392,/mnt/chsnap/harness/qpl-hardware-static-async+dsaslot-c1048576-w32-i14
silesia,snapshot,qpl-hardware-static-async+dsaslot,1048576,32,15,401.360,79,1145659392,/mnt/chsnap/harness/qpl-hardware-static-async+dsaslot-c1048576-w32-i15
silesia,snapshot,qpl-hardware-static-async+dsaslot,1048576,32,16,401.736,78,1145659392,/mnt/chsnap/harness/qpl-hardware-static-async+dsaslot-c1048576-w32-i16
silesia,snapshot,qpl-hardware-static-async+dsaslot,1048576,32,17,399.393,78,1145659392,/mnt/chsnap/harness/qpl-hardware-static-async+dsaslot-c1048576-w32-i17
silesia,snapshot,qpl-hardware-static-async+dsaslot,1048576,32,18,401.455,78,1145659392,/mnt/chsnap/harness/qpl-hardware-static-async+dsaslot-c1048576-w32-i18
silesia,snapshot,qpl-hardware-static-async+dsaslot,1048576,32,19,400.119,78,1145659392,/mnt/chsnap/harness/qpl-hardware-static-async+dsaslot-c1048576-w32-i19
silesia,snapshot,qpl-hardware-static-async+dsaslot,1048576,32,20,403.807,78,1145659392,/mnt/chsnap/harness/qpl-hardware-static-async+dsaslot-c1048576-w32-i20
silesia,snapshot,qpl-hardware-static-async+cpu,1048576,8,1,401.789,78,1145659392,/mnt/chsnap/harness/qpl-hardware-static-async+cpu-c1048576-w8-i1
silesia,snapshot,qpl-hardware-static-async+cpu,1048576,8,2,401.889,78,1145659392,/mnt/chsnap/harness/qpl-hardware-static-async+cpu-c1048576-w8-i2
silesia,snapshot,qpl-hardware-static-async+cpu,1048576,8,3,402.703,78,1145659392,/mnt/chsnap/harness/qpl-hardware-static-async+cpu-c1048576-w8-i3
silesia,snapshot,qpl-hardware-static-async+cpu,1048576,8,4,401.038,78,1145659392,/mnt/chsnap/harness/qpl-hardware-static-async+cpu-c1048576-w8-i4
silesia,snapshot,qpl-hardware-static-async+cpu,1048576,8,5,401.601,78,1145659392,/mnt/chsnap/harness/qpl-hardware-static-async+cpu-c1048576-w8-i5
silesia,snapshot,qpl-hardware-static-async+cpu,1048576,8,6,398.544,78,1145659392,/mnt/chsnap/harness/qpl-hardware-static-async+cpu-c1048576-w8-i6
silesia,snapshot,qpl-hardware-static-async+cpu,1048576,8,7,401.539,78,1145659392,/mnt/chsnap/harness/qpl-hardware-static-async+cpu-c1048576-w8-i7
silesia,snapshot,qpl-hardware-static-async+cpu,1048576,8,8,399.872,78,1145659392,/mnt/chsnap/harness/qpl-hardware-static-async+cpu-c1048576-w8-i8
silesia,snapshot,qpl-hardware-static-async+cpu,1048576,8,9,402.080,78,1145659392,/mnt/chsnap/harness/qpl-hardware-static-async+cpu-c1048576-w8-i9
silesia,snapshot,qpl-hardware-static-async+cpu,1048576,8,10,399.798,78,1145659392,/mnt/chsnap/harness/qpl-hardware-static-async+cpu-c1048576-w8-i10
silesia,snapshot,qpl-hardware-static-async+cpu,1048576,8,11,398.117,78,1145659392,/mnt/chsnap/harness/qpl-hardware-static-async+cpu-c1048576-w8-i11
silesia,snapshot,qpl-hardware-static-async+cpu,1048576,8,12,398.594,78,1145659392,/mnt/chsnap/harness/qpl-hardware-static-async+cpu-c1048576-w8-i12
silesia,snapshot,qpl-hardware-static-async+cpu,1048576,8,13,403.936,78,1145659392,/mnt/chsnap/harness/qpl-hardware-static-async+cpu-c1048576-w8-i13
silesia,snapshot,qpl-hardware-static-async+cpu,1048576,8,14,399.989,79,1145659392,/mnt/chsnap/harness/qpl-hardware-static-async+cpu-c1048576-w8-i14
silesia,snapshot,qpl-hardware-static-async+cpu,1048576,8,15,401.248,78,1145659392,/mnt/chsnap/harness/qpl-hardware-static-async+cpu-c1048576-w8-i15
silesia,snapshot,qpl-hardware-static-async+cpu,1048576,8,16,395.798,78,1145659392,/mnt/chsnap/harness/qpl-hardware-static-async+cpu-c1048576-w8-i16
silesia,snapshot,qpl-hardware-static-async+cpu,1048576,8,17,400.485,78,1145659392,/mnt/chsnap/harness/qpl-hardware-static-async+cpu-c1048576-w8-i17
silesia,snapshot,qpl-hardware-static-async+cpu,1048576,8,18,401.362,78,1145659392,/mnt/chsnap/harness/qpl-hardware-static-async+cpu-c1048576-w8-i18
silesia,snapshot,qpl-hardware-static-async+cpu,1048576,8,19,402.374,78,1145659392,/mnt/chsnap/harness/qpl-hardware-static-async+cpu-c1048576-w8-i19
silesia,snapshot,qpl-hardware-static-async+cpu,1048576,8,20,402.721,78,1145659392,/mnt/chsnap/harness/qpl-hardware-static-async+cpu-c1048576-w8-i20
silesia,snapshot,qpl-hardware-static-async+cpu,1048576,16,1,395.396,78,1145659392,/mnt/chsnap/harness/qpl-hardware-static-async+cpu-c1048576-w16-i1
silesia,snapshot,qpl-hardware-static-async+cpu,1048576,16,2,398.646,78,1145659392,/mnt/chsnap/harness/qpl-hardware-static-async+cpu-c1048576-w16-i2
silesia,snapshot,qpl-hardware-static-async+cpu,1048576,16,3,399.427,78,1145659392,/mnt/chsnap/harness/qpl-hardware-static-async+cpu-c1048576-w16-i3
silesia,snapshot,qpl-hardware-static-async+cpu,1048576,16,4,398.366,78,1145659392,/mnt/chsnap/harness/qpl-hardware-static-async+cpu-c1048576-w16-i4
silesia,snapshot,qpl-hardware-static-async+cpu,1048576,16,5,397.569,78,1145659392,/mnt/chsnap/harness/qpl-hardware-static-async+cpu-c1048576-w16-i5
silesia,snapshot,qpl-hardware-static-async+cpu,1048576,16,6,398.392,78,1145659392,/mnt/chsnap/harness/qpl-hardware-static-async+cpu-c1048576-w16-i6
silesia,snapshot,qpl-hardware-static-async+cpu,1048576,16,7,397.830,78,1145659392,/mnt/chsnap/harness/qpl-hardware-static-async+cpu-c1048576-w16-i7
silesia,snapshot,qpl-hardware-static-async+cpu,1048576,16,8,398.554,78,1145659392,/mnt/chsnap/harness/qpl-hardware-static-async+cpu-c1048576-w16-i8
silesia,snapshot,qpl-hardware-static-async+cpu,1048576,16,9,397.322,78,1145659392,/mnt/chsnap/harness/qpl-hardware-static-async+cpu-c1048576-w16-i9
silesia,snapshot,qpl-hardware-static-async+cpu,1048576,16,10,399.508,78,1145659392,/mnt/chsnap/harness/qpl-hardware-static-async+cpu-c1048576-w16-i10
silesia,snapshot,qpl-hardware-static-async+cpu,1048576,16,11,397.736,77,1145659392,/mnt/chsnap/harness/qpl-hardware-static-async+cpu-c1048576-w16-i11
silesia,snapshot,qpl-hardware-static-async+cpu,1048576,16,12,399.594,78,1145659392,/mnt/chsnap/harness/qpl-hardware-static-async+cpu-c1048576-w16-i12
silesia,snapshot,qpl-hardware-static-async+cpu,1048576,16,13,397.466,78,1145659392,/mnt/chsnap/harness/qpl-hardware-static-async+cpu-c1048576-w16-i13
silesia,snapshot,qpl-hardware-static-async+cpu,1048576,16,14,397.436,78,1145659392,/mnt/chsnap/harness/qpl-hardware-static-async+cpu-c1048576-w16-i14
silesia,snapshot,qpl-hardware-static-async+cpu,1048576,16,15,395.751,78,1145659392,/mnt/chsnap/harness/qpl-hardware-static-async+cpu-c1048576-w16-i15
silesia,snapshot,qpl-hardware-static-async+cpu,1048576,16,16,395.473,78,1145659392,/mnt/chsnap/harness/qpl-hardware-static-async+cpu-c1048576-w16-i16
silesia,snapshot,qpl-hardware-static-async+cpu,1048576,16,17,398.132,78,1145659392,/mnt/chsnap/harness/qpl-hardware-static-async+cpu-c1048576-w16-i17
silesia,snapshot,qpl-hardware-static-async+cpu,1048576,16,18,397.101,78,1145659392,/mnt/chsnap/harness/qpl-hardware-static-async+cpu-c1048576-w16-i18
silesia,snapshot,qpl-hardware-static-async+cpu,1048576,16,19,397.113,78,1145659392,/mnt/chsnap/harness/qpl-hardware-static-async+cpu-c1048576-w16-i19
silesia,snapshot,qpl-hardware-static-async+cpu,1048576,16,20,396.774,78,1145659392,/mnt/chsnap/harness/qpl-hardware-static-async+cpu-c1048576-w16-i20
silesia,snapshot,qpl-hardware-static-async+cpu,1048576,32,1,407.081,78,1145659392,/mnt/chsnap/harness/qpl-hardware-static-async+cpu-c1048576-w32-i1
silesia,snapshot,qpl-hardware-static-async+cpu,1048576,32,2,407.512,78,1145659392,/mnt/chsnap/harness/qpl-hardware-static-async+cpu-c1048576-w32-i2
silesia,snapshot,qpl-hardware-static-async+cpu,1048576,32,3,408.219,78,1145659392,/mnt/chsnap/harness/qpl-hardware-static-async+cpu-c1048576-w32-i3
silesia,snapshot,qpl-hardware-static-async+cpu,1048576,32,4,406.371,78,1145659392,/mnt/chsnap/harness/qpl-hardware-static-async+cpu-c1048576-w32-i4
silesia,snapshot,qpl-hardware-static-async+cpu,1048576,32,5,406.779,79,1145659392,/mnt/chsnap/harness/qpl-hardware-static-async+cpu-c1048576-w32-i5
silesia,snapshot,qpl-hardware-static-async+cpu,1048576,32,6,405.538,78,1145659392,/mnt/chsnap/harness/qpl-hardware-static-async+cpu-c1048576-w32-i6
silesia,snapshot,qpl-hardware-static-async+cpu,1048576,32,7,406.396,79,1145659392,/mnt/chsnap/harness/qpl-hardware-static-async+cpu-c1048576-w32-i7
silesia,snapshot,qpl-hardware-static-async+cpu,1048576,32,8,407.650,78,1145659392,/mnt/chsnap/harness/qpl-hardware-static-async+cpu-c1048576-w32-i8
silesia,snapshot,qpl-hardware-static-async+cpu,1048576,32,9,404.267,79,1145659392,/mnt/chsnap/harness/qpl-hardware-static-async+cpu-c1048576-w32-i9
silesia,snapshot,qpl-hardware-static-async+cpu,1048576,32,10,406.928,79,1145659392,/mnt/chsnap/harness/qpl-hardware-static-async+cpu-c1048576-w32-i10
silesia,snapshot,qpl-hardware-static-async+cpu,1048576,32,11,405.565,78,1145659392,/mnt/chsnap/harness/qpl-hardware-static-async+cpu-c1048576-w32-i11
silesia,snapshot,qpl-hardware-static-async+cpu,1048576,32,12,409.631,78,1145659392,/mnt/chsnap/harness/qpl-hardware-static-async+cpu-c1048576-w32-i12
silesia,snapshot,qpl-hardware-static-async+cpu,1048576,32,13,409.807,78,1145659392,/mnt/chsnap/harness/qpl-hardware-static-async+cpu-c1048576-w32-i13
silesia,snapshot,qpl-hardware-static-async+cpu,1048576,32,14,404.999,78,1145659392,/mnt/chsnap/harness/qpl-hardware-static-async+cpu-c1048576-w32-i14
silesia,snapshot,qpl-hardware-static-async+cpu,1048576,32,15,408.532,78,1145659392,/mnt/chsnap/harness/qpl-hardware-static-async+cpu-c1048576-w32-i15
silesia,snapshot,qpl-hardware-static-async+cpu,1048576,32,16,407.841,78,1145659392,/mnt/chsnap/harness/qpl-hardware-static-async+cpu-c1048576-w32-i16
silesia,snapshot,qpl-hardware-static-async+cpu,1048576,32,17,406.331,79,1145659392,/mnt/chsnap/harness/qpl-hardware-static-async+cpu-c1048576-w32-i17
silesia,snapshot,qpl-hardware-static-async+cpu,1048576,32,18,407.803,79,1145659392,/mnt/chsnap/harness/qpl-hardware-static-async+cpu-c1048576-w32-i18
silesia,snapshot,qpl-hardware-static-async+cpu,1048576,32,19,409.382,78,1145659392,/mnt/chsnap/harness/qpl-hardware-static-async+cpu-c1048576-w32-i19
silesia,snapshot,qpl-hardware-static-async+cpu,1048576,32,20,408.435,79,1145659392,/mnt/chsnap/harness/qpl-hardware-static-async+cpu-c1048576-w32-i20
silesia,snapshot,qpl-hardware-static-async+dsa,1048576,8,1,397.583,78,1145659392,/mnt/chsnap/harness/qpl-hardware-static-async+dsa-c1048576-w8-i1
silesia,snapshot,qpl-hardware-static-async+dsa,1048576,8,2,397.028,78,1145659392,/mnt/chsnap/harness/qpl-hardware-static-async+dsa-c1048576-w8-i2
silesia,snapshot,qpl-hardware-static-async+dsa,1048576,8,3,395.868,78,1145659392,/mnt/chsnap/harness/qpl-hardware-static-async+dsa-c1048576-w8-i3
silesia,snapshot,qpl-hardware-static-async+dsa,1048576,8,4,395.244,78,1145659392,/mnt/chsnap/harness/qpl-hardware-static-async+dsa-c1048576-w8-i4
silesia,snapshot,qpl-hardware-static-async+dsa,1048576,8,5,397.324,78,1145659392,/mnt/chsnap/harness/qpl-hardware-static-async+dsa-c1048576-w8-i5
silesia,snapshot,qpl-hardware-static-async+dsa,1048576,8,6,393.406,78,1145659392,/mnt/chsnap/harness/qpl-hardware-static-async+dsa-c1048576-w8-i6
silesia,snapshot,qpl-hardware-static-async+dsa,1048576,8,7,393.363,78,1145659392,/mnt/chsnap/harness/qpl-hardware-static-async+dsa-c1048576-w8-i7
silesia,snapshot,qpl-hardware-static-async+dsa,1048576,8,8,392.926,77,1145659392,/mnt/chsnap/harness/qpl-hardware-static-async+dsa-c1048576-w8-i8
silesia,snapshot,qpl-hardware-static-async+dsa,1048576,8,9,394.232,78,1145659392,/mnt/chsnap/harness/qpl-hardware-static-async+dsa-c1048576-w8-i9
silesia,snapshot,qpl-hardware-static-async+dsa,1048576,8,10,394.851,78,1145659392,/mnt/chsnap/harness/qpl-hardware-static-async+dsa-c1048576-w8-i10
silesia,snapshot,qpl-hardware-static-async+dsa,1048576,8,11,395.572,78,1145659392,/mnt/chsnap/harness/qpl-hardware-static-async+dsa-c1048576-w8-i11
silesia,snapshot,qpl-hardware-static-async+dsa,1048576,8,12,394.135,78,1145659392,/mnt/chsnap/harness/qpl-hardware-static-async+dsa-c1048576-w8-i12
silesia,snapshot,qpl-hardware-static-async+dsa,1048576,8,13,393.814,78,1145659392,/mnt/chsnap/harness/qpl-hardware-static-async+dsa-c1048576-w8-i13
silesia,snapshot,qpl-hardware-static-async+dsa,1048576,8,14,393.767,78,1145659392,/mnt/chsnap/harness/qpl-hardware-static-async+dsa-c1048576-w8-i14
silesia,snapshot,qpl-hardware-static-async+dsa,1048576,8,15,393.351,78,1145659392,/mnt/chsnap/harness/qpl-hardware-static-async+dsa-c1048576-w8-i15
silesia,snapshot,qpl-hardware-static-async+dsa,1048576,8,16,395.326,78,1145659392,/mnt/chsnap/harness/qpl-hardware-static-async+dsa-c1048576-w8-i16
silesia,snapshot,qpl-hardware-static-async+dsa,1048576,8,17,394.864,78,1145659392,/mnt/chsnap/harness/qpl-hardware-static-async+dsa-c1048576-w8-i17
silesia,snapshot,qpl-hardware-static-async+dsa,1048576,8,18,394.396,77,1145659392,/mnt/chsnap/harness/qpl-hardware-static-async+dsa-c1048576-w8-i18
silesia,snapshot,qpl-hardware-static-async+dsa,1048576,8,19,395.394,78,1145659392,/mnt/chsnap/harness/qpl-hardware-static-async+dsa-c1048576-w8-i19
silesia,snapshot,qpl-hardware-static-async+dsa,1048576,8,20,393.262,78,1145659392,/mnt/chsnap/harness/qpl-hardware-static-async+dsa-c1048576-w8-i20
silesia,snapshot,qpl-hardware-static-async+dsa,1048576,16,1,391.122,78,1145659392,/mnt/chsnap/harness/qpl-hardware-static-async+dsa-c1048576-w16-i1
silesia,snapshot,qpl-hardware-static-async+dsa,1048576,16,2,391.737,77,1145659392,/mnt/chsnap/harness/qpl-hardware-static-async+dsa-c1048576-w16-i2
silesia,snapshot,qpl-hardware-static-async+dsa,1048576,16,3,393.264,78,1145659392,/mnt/chsnap/harness/qpl-hardware-static-async+dsa-c1048576-w16-i3
silesia,snapshot,qpl-hardware-static-async+dsa,1048576,16,4,393.645,78,1145659392,/mnt/chsnap/harness/qpl-hardware-static-async+dsa-c1048576-w16-i4
silesia,snapshot,qpl-hardware-static-async+dsa,1048576,16,5,390.044,78,1145659392,/mnt/chsnap/harness/qpl-hardware-static-async+dsa-c1048576-w16-i5
silesia,snapshot,qpl-hardware-static-async+dsa,1048576,16,6,388.336,78,1145659392,/mnt/chsnap/harness/qpl-hardware-static-async+dsa-c1048576-w16-i6
silesia,snapshot,qpl-hardware-static-async+dsa,1048576,16,7,387.175,77,1145659392,/mnt/chsnap/harness/qpl-hardware-static-async+dsa-c1048576-w16-i7
silesia,snapshot,qpl-hardware-static-async+dsa,1048576,16,8,388.982,78,1145659392,/mnt/chsnap/harness/qpl-hardware-static-async+dsa-c1048576-w16-i8
silesia,snapshot,qpl-hardware-static-async+dsa,1048576,16,9,389.467,78,1145659392,/mnt/chsnap/harness/qpl-hardware-static-async+dsa-c1048576-w16-i9
silesia,snapshot,qpl-hardware-static-async+dsa,1048576,16,10,389.588,78,1145659392,/mnt/chsnap/harness/qpl-hardware-static-async+dsa-c1048576-w16-i10
silesia,snapshot,qpl-hardware-static-async+dsa,1048576,16,11,392.252,77,1145659392,/mnt/chsnap/harness/qpl-hardware-static-async+dsa-c1048576-w16-i11
silesia,snapshot,qpl-hardware-static-async+dsa,1048576,16,12,391.916,77,1145659392,/mnt/chsnap/harness/qpl-hardware-static-async+dsa-c1048576-w16-i12
silesia,snapshot,qpl-hardware-static-async+dsa,1048576,16,13,388.329,78,1145659392,/mnt/chsnap/harness/qpl-hardware-static-async+dsa-c1048576-w16-i13
silesia,snapshot,qpl-hardware-static-async+dsa,1048576,16,14,391.986,78,1145659392,/mnt/chsnap/harness/qpl-hardware-static-async+dsa-c1048576-w16-i14
silesia,snapshot,qpl-hardware-static-async+dsa,1048576,16,15,388.732,78,1145659392,/mnt/chsnap/harness/qpl-hardware-static-async+dsa-c1048576-w16-i15
silesia,snapshot,qpl-hardware-static-async+dsa,1048576,16,16,388.722,78,1145659392,/mnt/chsnap/harness/qpl-hardware-static-async+dsa-c1048576-w16-i16
silesia,snapshot,qpl-hardware-static-async+dsa,1048576,16,17,388.515,78,1145659392,/mnt/chsnap/harness/qpl-hardware-static-async+dsa-c1048576-w16-i17
silesia,snapshot,qpl-hardware-static-async+dsa,1048576,16,18,388.807,77,1145659392,/mnt/chsnap/harness/qpl-hardware-static-async+dsa-c1048576-w16-i18
silesia,snapshot,qpl-hardware-static-async+dsa,1048576,16,19,389.253,77,1145659392,/mnt/chsnap/harness/qpl-hardware-static-async+dsa-c1048576-w16-i19
silesia,snapshot,qpl-hardware-static-async+dsa,1048576,16,20,390.692,78,1145659392,/mnt/chsnap/harness/qpl-hardware-static-async+dsa-c1048576-w16-i20
silesia,snapshot,qpl-hardware-static-async+dsa,1048576,32,1,400.665,78,1145659392,/mnt/chsnap/harness/qpl-hardware-static-async+dsa-c1048576-w32-i1
silesia,snapshot,qpl-hardware-static-async+dsa,1048576,32,2,404.699,78,1145659392,/mnt/chsnap/harness/qpl-hardware-static-async+dsa-c1048576-w32-i2
silesia,snapshot,qpl-hardware-static-async+dsa,1048576,32,3,404.425,78,1145659392,/mnt/chsnap/harness/qpl-hardware-static-async+dsa-c1048576-w32-i3
silesia,snapshot,qpl-hardware-static-async+dsa,1048576,32,4,402.743,78,1145659392,/mnt/chsnap/harness/qpl-hardware-static-async+dsa-c1048576-w32-i4
silesia,snapshot,qpl-hardware-static-async+dsa,1048576,32,5,400.825,78,1145659392,/mnt/chsnap/harness/qpl-hardware-static-async+dsa-c1048576-w32-i5
silesia,snapshot,qpl-hardware-static-async+dsa,1048576,32,6,399.249,78,1145659392,/mnt/chsnap/harness/qpl-hardware-static-async+dsa-c1048576-w32-i6
silesia,snapshot,qpl-hardware-static-async+dsa,1048576,32,7,400.970,78,1145659392,/mnt/chsnap/harness/qpl-hardware-static-async+dsa-c1048576-w32-i7
silesia,snapshot,qpl-hardware-static-async+dsa,1048576,32,8,400.152,78,1145659392,/mnt/chsnap/harness/qpl-hardware-static-async+dsa-c1048576-w32-i8
silesia,snapshot,qpl-hardware-static-async+dsa,1048576,32,9,400.871,78,1145659392,/mnt/chsnap/harness/qpl-hardware-static-async+dsa-c1048576-w32-i9
silesia,snapshot,qpl-hardware-static-async+dsa,1048576,32,10,400.481,78,1145659392,/mnt/chsnap/harness/qpl-hardware-static-async+dsa-c1048576-w32-i10
silesia,snapshot,qpl-hardware-static-async+dsa,1048576,32,11,396.945,79,1145659392,/mnt/chsnap/harness/qpl-hardware-static-async+dsa-c1048576-w32-i11
silesia,snapshot,qpl-hardware-static-async+dsa,1048576,32,12,400.119,78,1145659392,/mnt/chsnap/harness/qpl-hardware-static-async+dsa-c1048576-w32-i12
silesia,snapshot,qpl-hardware-static-async+dsa,1048576,32,13,400.423,78,1145659392,/mnt/chsnap/harness/qpl-hardware-static-async+dsa-c1048576-w32-i13
silesia,snapshot,qpl-hardware-static-async+dsa,1048576,32,14,403.012,78,1145659392,/mnt/chsnap/harness/qpl-hardware-static-async+dsa-c1048576-w32-i14
silesia,snapshot,qpl-hardware-static-async+dsa,1048576,32,15,402.493,78,1145659392,/mnt/chsnap/harness/qpl-hardware-static-async+dsa-c1048576-w32-i15
silesia,snapshot,qpl-hardware-static-async+dsa,1048576,32,16,399.220,78,1145659392,/mnt/chsnap/harness/qpl-hardware-static-async+dsa-c1048576-w32-i16
silesia,snapshot,qpl-hardware-static-async+dsa,1048576,32,17,400.581,78,1145659392,/mnt/chsnap/harness/qpl-hardware-static-async+dsa-c1048576-w32-i17
silesia,snapshot,qpl-hardware-static-async+dsa,1048576,32,18,400.952,78,1145659392,/mnt/chsnap/harness/qpl-hardware-static-async+dsa-c1048576-w32-i18
silesia,snapshot,qpl-hardware-static-async+dsa,1048576,32,19,400.222,78,1145659392,/mnt/chsnap/harness/qpl-hardware-static-async+dsa-c1048576-w32-i19
silesia,snapshot,qpl-hardware-static-async+dsa,1048576,32,20,402.674,78,1145659392,/mnt/chsnap/harness/qpl-hardware-static-async+dsa-c1048576-w32-i20
silesia,snapshot,qpl-hardware-dynamic-async,1048576,8,1,1291.927,91,976252928,/mnt/chsnap/harness/qpl-hardware-dynamic-async-c1048576-w8-i1
silesia,snapshot,qpl-hardware-dynamic-async,1048576,8,2,1287.318,91,976252928,/mnt/chsnap/harness/qpl-hardware-dynamic-async-c1048576-w8-i2
silesia,snapshot,qpl-hardware-dynamic-async,1048576,8,3,1288.220,92,976252928,/mnt/chsnap/harness/qpl-hardware-dynamic-async-c1048576-w8-i3
silesia,snapshot,qpl-hardware-dynamic-async,1048576,8,4,1285.823,92,976252928,/mnt/chsnap/harness/qpl-hardware-dynamic-async-c1048576-w8-i4
silesia,snapshot,qpl-hardware-dynamic-async,1048576,8,5,1285.231,91,976252928,/mnt/chsnap/harness/qpl-hardware-dynamic-async-c1048576-w8-i5
silesia,snapshot,qpl-hardware-dynamic-async,1048576,8,6,1279.161,91,976252928,/mnt/chsnap/harness/qpl-hardware-dynamic-async-c1048576-w8-i6
silesia,snapshot,qpl-hardware-dynamic-async,1048576,8,7,1281.094,91,976252928,/mnt/chsnap/harness/qpl-hardware-dynamic-async-c1048576-w8-i7
silesia,snapshot,qpl-hardware-dynamic-async,1048576,8,8,1282.129,91,976252928,/mnt/chsnap/harness/qpl-hardware-dynamic-async-c1048576-w8-i8
silesia,snapshot,qpl-hardware-dynamic-async,1048576,8,9,1281.439,92,976252928,/mnt/chsnap/harness/qpl-hardware-dynamic-async-c1048576-w8-i9
silesia,snapshot,qpl-hardware-dynamic-async,1048576,8,10,1347.449,92,976252928,/mnt/chsnap/harness/qpl-hardware-dynamic-async-c1048576-w8-i10
silesia,snapshot,qpl-hardware-dynamic-async,1048576,8,11,1285.857,92,976252928,/mnt/chsnap/harness/qpl-hardware-dynamic-async-c1048576-w8-i11
silesia,snapshot,qpl-hardware-dynamic-async,1048576,8,12,1288.895,92,976252928,/mnt/chsnap/harness/qpl-hardware-dynamic-async-c1048576-w8-i12
silesia,snapshot,qpl-hardware-dynamic-async,1048576,8,13,1296.102,92,976252928,/mnt/chsnap/harness/qpl-hardware-dynamic-async-c1048576-w8-i13
silesia,snapshot,qpl-hardware-dynamic-async,1048576,8,14,1290.273,92,976252928,/mnt/chsnap/harness/qpl-hardware-dynamic-async-c1048576-w8-i14
silesia,snapshot,qpl-hardware-dynamic-async,1048576,8,15,1340.805,92,976252928,/mnt/chsnap/harness/qpl-hardware-dynamic-async-c1048576-w8-i15
silesia,snapshot,qpl-hardware-dynamic-async,1048576,8,16,1288.854,92,976252928,/mnt/chsnap/harness/qpl-hardware-dynamic-async-c1048576-w8-i16
silesia,snapshot,qpl-hardware-dynamic-async,1048576,8,17,1287.290,92,976252928,/mnt/chsnap/harness/qpl-hardware-dynamic-async-c1048576-w8-i17
silesia,snapshot,qpl-hardware-dynamic-async,1048576,8,18,1289.197,92,976252928,/mnt/chsnap/harness/qpl-hardware-dynamic-async-c1048576-w8-i18
silesia,snapshot,qpl-hardware-dynamic-async,1048576,8,19,1288.555,92,976252928,/mnt/chsnap/harness/qpl-hardware-dynamic-async-c1048576-w8-i19
silesia,snapshot,qpl-hardware-dynamic-async,1048576,8,20,1276.974,92,976252928,/mnt/chsnap/harness/qpl-hardware-dynamic-async-c1048576-w8-i20
silesia,snapshot,qpl-hardware-dynamic-async,1048576,16,1,1212.347,91,976252928,/mnt/chsnap/harness/qpl-hardware-dynamic-async-c1048576-w16-i1
silesia,snapshot,qpl-hardware-dynamic-async,1048576,16,2,1217.362,91,976252928,/mnt/chsnap/harness/qpl-hardware-dynamic-async-c1048576-w16-i2
silesia,snapshot,qpl-hardware-dynamic-async,1048576,16,3,1225.030,91,976252928,/mnt/chsnap/harness/qpl-hardware-dynamic-async-c1048576-w16-i3
silesia,snapshot,qpl-hardware-dynamic-async,1048576,16,4,1238.800,91,976252928,/mnt/chsnap/harness/qpl-hardware-dynamic-async-c1048576-w16-i4
silesia,snapshot,qpl-hardware-dynamic-async,1048576,16,5,1238.613,91,976252928,/mnt/chsnap/harness/qpl-hardware-dynamic-async-c1048576-w16-i5
silesia,snapshot,qpl-hardware-dynamic-async,1048576,16,6,1211.186,91,976252928,/mnt/chsnap/harness/qpl-hardware-dynamic-async-c1048576-w16-i6
silesia,snapshot,qpl-hardware-dynamic-async,1048576,16,7,1211.324,91,976252928,/mnt/chsnap/harness/qpl-hardware-dynamic-async-c1048576-w16-i7
silesia,snapshot,qpl-hardware-dynamic-async,1048576,16,8,1235.718,91,976252928,/mnt/chsnap/harness/qpl-hardware-dynamic-async-c1048576-w16-i8
silesia,snapshot,qpl-hardware-dynamic-async,1048576,16,9,1223.645,91,976252928,/mnt/chsnap/harness/qpl-hardware-dynamic-async-c1048576-w16-i9
silesia,snapshot,qpl-hardware-dynamic-async,1048576,16,10,1213.109,91,976252928,/mnt/chsnap/harness/qpl-hardware-dynamic-async-c1048576-w16-i10
silesia,snapshot,qpl-hardware-dynamic-async,1048576,16,11,1229.401,91,976252928,/mnt/chsnap/harness/qpl-hardware-dynamic-async-c1048576-w16-i11
silesia,snapshot,qpl-hardware-dynamic-async,1048576,16,12,1235.667,91,976252928,/mnt/chsnap/harness/qpl-hardware-dynamic-async-c1048576-w16-i12
silesia,snapshot,qpl-hardware-dynamic-async,1048576,16,13,1213.476,91,976252928,/mnt/chsnap/harness/qpl-hardware-dynamic-async-c1048576-w16-i13
silesia,snapshot,qpl-hardware-dynamic-async,1048576,16,14,1222.657,91,976252928,/mnt/chsnap/harness/qpl-hardware-dynamic-async-c1048576-w16-i14
silesia,snapshot,qpl-hardware-dynamic-async,1048576,16,15,1212.079,91,976252928,/mnt/chsnap/harness/qpl-hardware-dynamic-async-c1048576-w16-i15
silesia,snapshot,qpl-hardware-dynamic-async,1048576,16,16,1213.311,91,976252928,/mnt/chsnap/harness/qpl-hardware-dynamic-async-c1048576-w16-i16
silesia,snapshot,qpl-hardware-dynamic-async,1048576,16,17,1233.836,91,976252928,/mnt/chsnap/harness/qpl-hardware-dynamic-async-c1048576-w16-i17
silesia,snapshot,qpl-hardware-dynamic-async,1048576,16,18,1212.243,91,976252928,/mnt/chsnap/harness/qpl-hardware-dynamic-async-c1048576-w16-i18
silesia,snapshot,qpl-hardware-dynamic-async,1048576,16,19,1347.261,92,976252928,/mnt/chsnap/harness/qpl-hardware-dynamic-async-c1048576-w16-i19
silesia,snapshot,qpl-hardware-dynamic-async,1048576,16,20,1275.164,92,976252928,/mnt/chsnap/harness/qpl-hardware-dynamic-async-c1048576-w16-i20
silesia,snapshot,qpl-hardware-dynamic-async,1048576,32,1,1237.431,91,976252928,/mnt/chsnap/harness/qpl-hardware-dynamic-async-c1048576-w32-i1
silesia,snapshot,qpl-hardware-dynamic-async,1048576,32,2,1233.514,91,976252928,/mnt/chsnap/harness/qpl-hardware-dynamic-async-c1048576-w32-i2
silesia,snapshot,qpl-hardware-dynamic-async,1048576,32,3,1230.435,91,976252928,/mnt/chsnap/harness/qpl-hardware-dynamic-async-c1048576-w32-i3
silesia,snapshot,qpl-hardware-dynamic-async,1048576,32,4,1227.978,91,976252928,/mnt/chsnap/harness/qpl-hardware-dynamic-async-c1048576-w32-i4
silesia,snapshot,qpl-hardware-dynamic-async,1048576,32,5,1229.262,91,976252928,/mnt/chsnap/harness/qpl-hardware-dynamic-async-c1048576-w32-i5
silesia,snapshot,qpl-hardware-dynamic-async,1048576,32,6,1231.851,91,976252928,/mnt/chsnap/harness/qpl-hardware-dynamic-async-c1048576-w32-i6
silesia,snapshot,qpl-hardware-dynamic-async,1048576,32,7,1232.856,91,976252928,/mnt/chsnap/harness/qpl-hardware-dynamic-async-c1048576-w32-i7
silesia,snapshot,qpl-hardware-dynamic-async,1048576,32,8,1226.551,91,976252928,/mnt/chsnap/harness/qpl-hardware-dynamic-async-c1048576-w32-i8
silesia,snapshot,qpl-hardware-dynamic-async,1048576,32,9,1230.514,91,976252928,/mnt/chsnap/harness/qpl-hardware-dynamic-async-c1048576-w32-i9
silesia,snapshot,qpl-hardware-dynamic-async,1048576,32,10,1238.723,91,976252928,/mnt/chsnap/harness/qpl-hardware-dynamic-async-c1048576-w32-i10
silesia,snapshot,qpl-hardware-dynamic-async,1048576,32,11,1233.268,91,976252928,/mnt/chsnap/harness/qpl-hardware-dynamic-async-c1048576-w32-i11
silesia,snapshot,qpl-hardware-dynamic-async,1048576,32,12,1235.320,91,976252928,/mnt/chsnap/harness/qpl-hardware-dynamic-async-c1048576-w32-i12
silesia,snapshot,qpl-hardware-dynamic-async,1048576,32,13,1234.712,91,976252928,/mnt/chsnap/harness/qpl-hardware-dynamic-async-c1048576-w32-i13
silesia,snapshot,qpl-hardware-dynamic-async,1048576,32,14,1233.175,91,976252928,/mnt/chsnap/harness/qpl-hardware-dynamic-async-c1048576-w32-i14
silesia,snapshot,qpl-hardware-dynamic-async,1048576,32,15,1233.649,91,976252928,/mnt/chsnap/harness/qpl-hardware-dynamic-async-c1048576-w32-i15
silesia,snapshot,qpl-hardware-dynamic-async,1048576,32,16,1231.925,91,976252928,/mnt/chsnap/harness/qpl-hardware-dynamic-async-c1048576-w32-i16
silesia,snapshot,qpl-hardware-dynamic-async,1048576,32,17,1232.933,91,976252928,/mnt/chsnap/harness/qpl-hardware-dynamic-async-c1048576-w32-i17
silesia,snapshot,qpl-hardware-dynamic-async,1048576,32,18,1231.843,91,976252928,/mnt/chsnap/harness/qpl-hardware-dynamic-async-c1048576-w32-i18
silesia,snapshot,qpl-hardware-dynamic-async,1048576,32,19,1232.458,91,976252928,/mnt/chsnap/harness/qpl-hardware-dynamic-async-c1048576-w32-i19
silesia,snapshot,qpl-hardware-dynamic-async,1048576,32,20,1231.991,91,976252928,/mnt/chsnap/harness/qpl-hardware-dynamic-async-c1048576-w32-i20
silesia,snapshot,qpl-hardware-dynamic-async+cpuslot,1048576,8,1,589.328,84,976252928,/mnt/chsnap/harness/qpl-hardware-dynamic-async+cpuslot-c1048576-w8-i1
silesia,snapshot,qpl-hardware-dynamic-async+cpuslot,1048576,8,2,586.144,84,976252928,/mnt/chsnap/harness/qpl-hardware-dynamic-async+cpuslot-c1048576-w8-i2
silesia,snapshot,qpl-hardware-dynamic-async+cpuslot,1048576,8,3,593.391,84,976252928,/mnt/chsnap/harness/qpl-hardware-dynamic-async+cpuslot-c1048576-w8-i3
silesia,snapshot,qpl-hardware-dynamic-async+cpuslot,1048576,8,4,591.112,84,976252928,/mnt/chsnap/harness/qpl-hardware-dynamic-async+cpuslot-c1048576-w8-i4
silesia,snapshot,qpl-hardware-dynamic-async+cpuslot,1048576,8,5,590.395,84,976252928,/mnt/chsnap/harness/qpl-hardware-dynamic-async+cpuslot-c1048576-w8-i5
silesia,snapshot,qpl-hardware-dynamic-async+cpuslot,1048576,8,6,588.254,84,976252928,/mnt/chsnap/harness/qpl-hardware-dynamic-async+cpuslot-c1048576-w8-i6
silesia,snapshot,qpl-hardware-dynamic-async+cpuslot,1048576,8,7,584.888,84,976252928,/mnt/chsnap/harness/qpl-hardware-dynamic-async+cpuslot-c1048576-w8-i7
silesia,snapshot,qpl-hardware-dynamic-async+cpuslot,1048576,8,8,588.501,84,976252928,/mnt/chsnap/harness/qpl-hardware-dynamic-async+cpuslot-c1048576-w8-i8
silesia,snapshot,qpl-hardware-dynamic-async+cpuslot,1048576,8,9,588.128,84,976252928,/mnt/chsnap/harness/qpl-hardware-dynamic-async+cpuslot-c1048576-w8-i9
silesia,snapshot,qpl-hardware-dynamic-async+cpuslot,1048576,8,10,588.266,84,976252928,/mnt/chsnap/harness/qpl-hardware-dynamic-async+cpuslot-c1048576-w8-i10
silesia,snapshot,qpl-hardware-dynamic-async+cpuslot,1048576,8,11,587.481,84,976252928,/mnt/chsnap/harness/qpl-hardware-dynamic-async+cpuslot-c1048576-w8-i11
silesia,snapshot,qpl-hardware-dynamic-async+cpuslot,1048576,8,12,586.160,84,976252928,/mnt/chsnap/harness/qpl-hardware-dynamic-async+cpuslot-c1048576-w8-i12
silesia,snapshot,qpl-hardware-dynamic-async+cpuslot,1048576,8,13,590.387,84,976252928,/mnt/chsnap/harness/qpl-hardware-dynamic-async+cpuslot-c1048576-w8-i13
silesia,snapshot,qpl-hardware-dynamic-async+cpuslot,1048576,8,14,590.588,84,976252928,/mnt/chsnap/harness/qpl-hardware-dynamic-async+cpuslot-c1048576-w8-i14
silesia,snapshot,qpl-hardware-dynamic-async+cpuslot,1048576,8,15,590.031,84,976252928,/mnt/chsnap/harness/qpl-hardware-dynamic-async+cpuslot-c1048576-w8-i15
silesia,snapshot,qpl-hardware-dynamic-async+cpuslot,1048576,8,16,588.771,84,976252928,/mnt/chsnap/harness/qpl-hardware-dynamic-async+cpuslot-c1048576-w8-i16
silesia,snapshot,qpl-hardware-dynamic-async+cpuslot,1048576,8,17,590.585,84,976252928,/mnt/chsnap/harness/qpl-hardware-dynamic-async+cpuslot-c1048576-w8-i17
silesia,snapshot,qpl-hardware-dynamic-async+cpuslot,1048576,8,18,590.276,84,976252928,/mnt/chsnap/harness/qpl-hardware-dynamic-async+cpuslot-c1048576-w8-i18
silesia,snapshot,qpl-hardware-dynamic-async+cpuslot,1048576,8,19,586.190,84,976252928,/mnt/chsnap/harness/qpl-hardware-dynamic-async+cpuslot-c1048576-w8-i19
silesia,snapshot,qpl-hardware-dynamic-async+cpuslot,1048576,8,20,592.872,84,976252928,/mnt/chsnap/harness/qpl-hardware-dynamic-async+cpuslot-c1048576-w8-i20
silesia,snapshot,qpl-hardware-dynamic-async+cpuslot,1048576,16,1,420.969,79,976252928,/mnt/chsnap/harness/qpl-hardware-dynamic-async+cpuslot-c1048576-w16-i1
silesia,snapshot,qpl-hardware-dynamic-async+cpuslot,1048576,16,2,418.953,80,976252928,/mnt/chsnap/harness/qpl-hardware-dynamic-async+cpuslot-c1048576-w16-i2
silesia,snapshot,qpl-hardware-dynamic-async+cpuslot,1048576,16,3,423.265,80,976252928,/mnt/chsnap/harness/qpl-hardware-dynamic-async+cpuslot-c1048576-w16-i3
silesia,snapshot,qpl-hardware-dynamic-async+cpuslot,1048576,16,4,419.920,79,976252928,/mnt/chsnap/harness/qpl-hardware-dynamic-async+cpuslot-c1048576-w16-i4
silesia,snapshot,qpl-hardware-dynamic-async+cpuslot,1048576,16,5,418.321,79,976252928,/mnt/chsnap/harness/qpl-hardware-dynamic-async+cpuslot-c1048576-w16-i5
silesia,snapshot,qpl-hardware-dynamic-async+cpuslot,1048576,16,6,415.286,79,976252928,/mnt/chsnap/harness/qpl-hardware-dynamic-async+cpuslot-c1048576-w16-i6
silesia,snapshot,qpl-hardware-dynamic-async+cpuslot,1048576,16,7,414.062,79,976252928,/mnt/chsnap/harness/qpl-hardware-dynamic-async+cpuslot-c1048576-w16-i7
silesia,snapshot,qpl-hardware-dynamic-async+cpuslot,1048576,16,8,413.807,79,976252928,/mnt/chsnap/harness/qpl-hardware-dynamic-async+cpuslot-c1048576-w16-i8
silesia,snapshot,qpl-hardware-dynamic-async+cpuslot,1048576,16,9,421.312,79,976252928,/mnt/chsnap/harness/qpl-hardware-dynamic-async+cpuslot-c1048576-w16-i9
silesia,snapshot,qpl-hardware-dynamic-async+cpuslot,1048576,16,10,415.978,79,976252928,/mnt/chsnap/harness/qpl-hardware-dynamic-async+cpuslot-c1048576-w16-i10
silesia,snapshot,qpl-hardware-dynamic-async+cpuslot,1048576,16,11,422.221,79,976252928,/mnt/chsnap/harness/qpl-hardware-dynamic-async+cpuslot-c1048576-w16-i11
silesia,snapshot,qpl-hardware-dynamic-async+cpuslot,1048576,16,12,419.834,79,976252928,/mnt/chsnap/harness/qpl-hardware-dynamic-async+cpuslot-c1048576-w16-i12
silesia,snapshot,qpl-hardware-dynamic-async+cpuslot,1048576,16,13,414.559,79,976252928,/mnt/chsnap/harness/qpl-hardware-dynamic-async+cpuslot-c1048576-w16-i13
silesia,snapshot,qpl-hardware-dynamic-async+cpuslot,1048576,16,14,423.048,79,976252928,/mnt/chsnap/harness/qpl-hardware-dynamic-async+cpuslot-c1048576-w16-i14
silesia,snapshot,qpl-hardware-dynamic-async+cpuslot,1048576,16,15,418.842,79,976252928,/mnt/chsnap/harness/qpl-hardware-dynamic-async+cpuslot-c1048576-w16-i15
silesia,snapshot,qpl-hardware-dynamic-async+cpuslot,1048576,16,16,421.368,79,976252928,/mnt/chsnap/harness/qpl-hardware-dynamic-async+cpuslot-c1048576-w16-i16
silesia,snapshot,qpl-hardware-dynamic-async+cpuslot,1048576,16,17,420.280,79,976252928,/mnt/chsnap/harness/qpl-hardware-dynamic-async+cpuslot-c1048576-w16-i17
silesia,snapshot,qpl-hardware-dynamic-async+cpuslot,1048576,16,18,420.820,79,976252928,/mnt/chsnap/harness/qpl-hardware-dynamic-async+cpuslot-c1048576-w16-i18
silesia,snapshot,qpl-hardware-dynamic-async+cpuslot,1048576,16,19,416.547,79,976252928,/mnt/chsnap/harness/qpl-hardware-dynamic-async+cpuslot-c1048576-w16-i19
silesia,snapshot,qpl-hardware-dynamic-async+cpuslot,1048576,16,20,418.553,79,976252928,/mnt/chsnap/harness/qpl-hardware-dynamic-async+cpuslot-c1048576-w16-i20
silesia,snapshot,qpl-hardware-dynamic-async+cpuslot,1048576,32,1,389.151,78,976252928,/mnt/chsnap/harness/qpl-hardware-dynamic-async+cpuslot-c1048576-w32-i1
silesia,snapshot,qpl-hardware-dynamic-async+cpuslot,1048576,32,2,388.480,78,976252928,/mnt/chsnap/harness/qpl-hardware-dynamic-async+cpuslot-c1048576-w32-i2
silesia,snapshot,qpl-hardware-dynamic-async+cpuslot,1048576,32,3,390.335,78,976252928,/mnt/chsnap/harness/qpl-hardware-dynamic-async+cpuslot-c1048576-w32-i3
silesia,snapshot,qpl-hardware-dynamic-async+cpuslot,1048576,32,4,386.804,78,976252928,/mnt/chsnap/harness/qpl-hardware-dynamic-async+cpuslot-c1048576-w32-i4
silesia,snapshot,qpl-hardware-dynamic-async+cpuslot,1048576,32,5,388.499,78,976252928,/mnt/chsnap/harness/qpl-hardware-dynamic-async+cpuslot-c1048576-w32-i5
silesia,snapshot,qpl-hardware-dynamic-async+cpuslot,1048576,32,6,386.772,78,976252928,/mnt/chsnap/harness/qpl-hardware-dynamic-async+cpuslot-c1048576-w32-i6
silesia,snapshot,qpl-hardware-dynamic-async+cpuslot,1048576,32,7,386.505,78,976252928,/mnt/chsnap/harness/qpl-hardware-dynamic-async+cpuslot-c1048576-w32-i7
silesia,snapshot,qpl-hardware-dynamic-async+cpuslot,1048576,32,8,388.477,78,976252928,/mnt/chsnap/harness/qpl-hardware-dynamic-async+cpuslot-c1048576-w32-i8
silesia,snapshot,qpl-hardware-dynamic-async+cpuslot,1048576,32,9,387.281,78,976252928,/mnt/chsnap/harness/qpl-hardware-dynamic-async+cpuslot-c1048576-w32-i9
silesia,snapshot,qpl-hardware-dynamic-async+cpuslot,1048576,32,10,389.819,78,976252928,/mnt/chsnap/harness/qpl-hardware-dynamic-async+cpuslot-c1048576-w32-i10
silesia,snapshot,qpl-hardware-dynamic-async+cpuslot,1048576,32,11,388.514,78,976252928,/mnt/chsnap/harness/qpl-hardware-dynamic-async+cpuslot-c1048576-w32-i11
silesia,snapshot,qpl-hardware-dynamic-async+cpuslot,1048576,32,12,384.175,78,976252928,/mnt/chsnap/harness/qpl-hardware-dynamic-async+cpuslot-c1048576-w32-i12
silesia,snapshot,qpl-hardware-dynamic-async+cpuslot,1048576,32,13,390.607,78,976252928,/mnt/chsnap/harness/qpl-hardware-dynamic-async+cpuslot-c1048576-w32-i13
silesia,snapshot,qpl-hardware-dynamic-async+cpuslot,1048576,32,14,394.137,78,976252928,/mnt/chsnap/harness/qpl-hardware-dynamic-async+cpuslot-c1048576-w32-i14
silesia,snapshot,qpl-hardware-dynamic-async+cpuslot,1048576,32,15,388.922,78,976252928,/mnt/chsnap/harness/qpl-hardware-dynamic-async+cpuslot-c1048576-w32-i15
silesia,snapshot,qpl-hardware-dynamic-async+cpuslot,1048576,32,16,389.116,78,976252928,/mnt/chsnap/harness/qpl-hardware-dynamic-async+cpuslot-c1048576-w32-i16
silesia,snapshot,qpl-hardware-dynamic-async+cpuslot,1048576,32,17,389.375,77,976252928,/mnt/chsnap/harness/qpl-hardware-dynamic-async+cpuslot-c1048576-w32-i17
silesia,snapshot,qpl-hardware-dynamic-async+cpuslot,1048576,32,18,392.131,78,976252928,/mnt/chsnap/harness/qpl-hardware-dynamic-async+cpuslot-c1048576-w32-i18
silesia,snapshot,qpl-hardware-dynamic-async+cpuslot,1048576,32,19,386.106,78,976252928,/mnt/chsnap/harness/qpl-hardware-dynamic-async+cpuslot-c1048576-w32-i19
silesia,snapshot,qpl-hardware-dynamic-async+cpuslot,1048576,32,20,388.395,77,976252928,/mnt/chsnap/harness/qpl-hardware-dynamic-async+cpuslot-c1048576-w32-i20
silesia,snapshot,qpl-hardware-dynamic-async+dsaslot,1048576,8,1,580.148,84,976252928,/mnt/chsnap/harness/qpl-hardware-dynamic-async+dsaslot-c1048576-w8-i1
silesia,snapshot,qpl-hardware-dynamic-async+dsaslot,1048576,8,2,578.714,84,976252928,/mnt/chsnap/harness/qpl-hardware-dynamic-async+dsaslot-c1048576-w8-i2
silesia,snapshot,qpl-hardware-dynamic-async+dsaslot,1048576,8,3,583.866,84,976252928,/mnt/chsnap/harness/qpl-hardware-dynamic-async+dsaslot-c1048576-w8-i3
silesia,snapshot,qpl-hardware-dynamic-async+dsaslot,1048576,8,4,579.390,83,976252928,/mnt/chsnap/harness/qpl-hardware-dynamic-async+dsaslot-c1048576-w8-i4
silesia,snapshot,qpl-hardware-dynamic-async+dsaslot,1048576,8,5,580.223,84,976252928,/mnt/chsnap/harness/qpl-hardware-dynamic-async+dsaslot-c1048576-w8-i5
silesia,snapshot,qpl-hardware-dynamic-async+dsaslot,1048576,8,6,580.866,84,976252928,/mnt/chsnap/harness/qpl-hardware-dynamic-async+dsaslot-c1048576-w8-i6
silesia,snapshot,qpl-hardware-dynamic-async+dsaslot,1048576,8,7,583.622,84,976252928,/mnt/chsnap/harness/qpl-hardware-dynamic-async+dsaslot-c1048576-w8-i7
silesia,snapshot,qpl-hardware-dynamic-async+dsaslot,1048576,8,8,578.517,84,976252928,/mnt/chsnap/harness/qpl-hardware-dynamic-async+dsaslot-c1048576-w8-i8
silesia,snapshot,qpl-hardware-dynamic-async+dsaslot,1048576,8,9,577.917,84,976252928,/mnt/chsnap/harness/qpl-hardware-dynamic-async+dsaslot-c1048576-w8-i9
silesia,snapshot,qpl-hardware-dynamic-async+dsaslot,1048576,8,10,576.415,84,976252928,/mnt/chsnap/harness/qpl-hardware-dynamic-async+dsaslot-c1048576-w8-i10
silesia,snapshot,qpl-hardware-dynamic-async+dsaslot,1048576,8,11,577.439,84,976252928,/mnt/chsnap/harness/qpl-hardware-dynamic-async+dsaslot-c1048576-w8-i11
silesia,snapshot,qpl-hardware-dynamic-async+dsaslot,1048576,8,12,578.518,84,976252928,/mnt/chsnap/harness/qpl-hardware-dynamic-async+dsaslot-c1048576-w8-i12
silesia,snapshot,qpl-hardware-dynamic-async+dsaslot,1048576,8,13,577.193,84,976252928,/mnt/chsnap/harness/qpl-hardware-dynamic-async+dsaslot-c1048576-w8-i13
silesia,snapshot,qpl-hardware-dynamic-async+dsaslot,1048576,8,14,577.469,84,976252928,/mnt/chsnap/harness/qpl-hardware-dynamic-async+dsaslot-c1048576-w8-i14
silesia,snapshot,qpl-hardware-dynamic-async+dsaslot,1048576,8,15,580.122,84,976252928,/mnt/chsnap/harness/qpl-hardware-dynamic-async+dsaslot-c1048576-w8-i15
silesia,snapshot,qpl-hardware-dynamic-async+dsaslot,1048576,8,16,575.457,84,976252928,/mnt/chsnap/harness/qpl-hardware-dynamic-async+dsaslot-c1048576-w8-i16
silesia,snapshot,qpl-hardware-dynamic-async+dsaslot,1048576,8,17,578.945,84,976252928,/mnt/chsnap/harness/qpl-hardware-dynamic-async+dsaslot-c1048576-w8-i17
silesia,snapshot,qpl-hardware-dynamic-async+dsaslot,1048576,8,18,583.217,84,976252928,/mnt/chsnap/harness/qpl-hardware-dynamic-async+dsaslot-c1048576-w8-i18
silesia,snapshot,qpl-hardware-dynamic-async+dsaslot,1048576,8,19,580.160,84,976252928,/mnt/chsnap/harness/qpl-hardware-dynamic-async+dsaslot-c1048576-w8-i19
silesia,snapshot,qpl-hardware-dynamic-async+dsaslot,1048576,8,20,576.873,84,976252928,/mnt/chsnap/harness/qpl-hardware-dynamic-async+dsaslot-c1048576-w8-i20
silesia,snapshot,qpl-hardware-dynamic-async+dsaslot,1048576,16,1,412.199,79,976252928,/mnt/chsnap/harness/qpl-hardware-dynamic-async+dsaslot-c1048576-w16-i1
silesia,snapshot,qpl-hardware-dynamic-async+dsaslot,1048576,16,2,412.477,79,976252928,/mnt/chsnap/harness/qpl-hardware-dynamic-async+dsaslot-c1048576-w16-i2
silesia,snapshot,qpl-hardware-dynamic-async+dsaslot,1048576,16,3,412.419,78,976252928,/mnt/chsnap/harness/qpl-hardware-dynamic-async+dsaslot-c1048576-w16-i3
silesia,snapshot,qpl-hardware-dynamic-async+dsaslot,1048576,16,4,411.834,79,976252928,/mnt/chsnap/harness/qpl-hardware-dynamic-async+dsaslot-c1048576-w16-i4
silesia,snapshot,qpl-hardware-dynamic-async+dsaslot,1048576,16,5,408.055,78,976252928,/mnt/chsnap/harness/qpl-hardware-dynamic-async+dsaslot-c1048576-w16-i5
silesia,snapshot,qpl-hardware-dynamic-async+dsaslot,1048576,16,6,411.290,78,976252928,/mnt/chsnap/harness/qpl-hardware-dynamic-async+dsaslot-c1048576-w16-i6
silesia,snapshot,qpl-hardware-dynamic-async+dsaslot,1048576,16,7,412.927,79,976252928,/mnt/chsnap/harness/qpl-hardware-dynamic-async+dsaslot-c1048576-w16-i7
silesia,snapshot,qpl-hardware-dynamic-async+dsaslot,1048576,16,8,410.197,79,976252928,/mnt/chsnap/harness/qpl-hardware-dynamic-async+dsaslot-c1048576-w16-i8
silesia,snapshot,qpl-hardware-dynamic-async+dsaslot,1048576,16,9,408.597,78,976252928,/mnt/chsnap/harness/qpl-hardware-dynamic-async+dsaslot-c1048576-w16-i9
silesia,snapshot,qpl-hardware-dynamic-async+dsaslot,1048576,16,10,412.663,78,976252928,/mnt/chsnap/harness/qpl-hardware-dynamic-async+dsaslot-c1048576-w16-i10
silesia,snapshot,qpl-hardware-dynamic-async+dsaslot,1048576,16,11,411.350,78,976252928,/mnt/chsnap/harness/qpl-hardware-dynamic-async+dsaslot-c1048576-w16-i11
silesia,snapshot,qpl-hardware-dynamic-async+dsaslot,1048576,16,12,410.847,78,976252928,/mnt/chsnap/harness/qpl-hardware-dynamic-async+dsaslot-c1048576-w16-i12
silesia,snapshot,qpl-hardware-dynamic-async+dsaslot,1048576,16,13,412.234,79,976252928,/mnt/chsnap/harness/qpl-hardware-dynamic-async+dsaslot-c1048576-w16-i13
silesia,snapshot,qpl-hardware-dynamic-async+dsaslot,1048576,16,14,414.727,79,976252928,/mnt/chsnap/harness/qpl-hardware-dynamic-async+dsaslot-c1048576-w16-i14
silesia,snapshot,qpl-hardware-dynamic-async+dsaslot,1048576,16,15,410.663,79,976252928,/mnt/chsnap/harness/qpl-hardware-dynamic-async+dsaslot-c1048576-w16-i15
silesia,snapshot,qpl-hardware-dynamic-async+dsaslot,1048576,16,16,408.837,79,976252928,/mnt/chsnap/harness/qpl-hardware-dynamic-async+dsaslot-c1048576-w16-i16
silesia,snapshot,qpl-hardware-dynamic-async+dsaslot,1048576,16,17,414.638,79,976252928,/mnt/chsnap/harness/qpl-hardware-dynamic-async+dsaslot-c1048576-w16-i17
silesia,snapshot,qpl-hardware-dynamic-async+dsaslot,1048576,16,18,414.808,79,976252928,/mnt/chsnap/harness/qpl-hardware-dynamic-async+dsaslot-c1048576-w16-i18
silesia,snapshot,qpl-hardware-dynamic-async+dsaslot,1048576,16,19,412.670,79,976252928,/mnt/chsnap/harness/qpl-hardware-dynamic-async+dsaslot-c1048576-w16-i19
silesia,snapshot,qpl-hardware-dynamic-async+dsaslot,1048576,16,20,415.328,79,976252928,/mnt/chsnap/harness/qpl-hardware-dynamic-async+dsaslot-c1048576-w16-i20
silesia,snapshot,qpl-hardware-dynamic-async+dsaslot,1048576,32,1,381.489,77,976252928,/mnt/chsnap/harness/qpl-hardware-dynamic-async+dsaslot-c1048576-w32-i1
silesia,snapshot,qpl-hardware-dynamic-async+dsaslot,1048576,32,2,385.603,78,976252928,/mnt/chsnap/harness/qpl-hardware-dynamic-async+dsaslot-c1048576-w32-i2
silesia,snapshot,qpl-hardware-dynamic-async+dsaslot,1048576,32,3,381.444,77,976252928,/mnt/chsnap/harness/qpl-hardware-dynamic-async+dsaslot-c1048576-w32-i3
silesia,snapshot,qpl-hardware-dynamic-async+dsaslot,1048576,32,4,377.470,77,976252928,/mnt/chsnap/harness/qpl-hardware-dynamic-async+dsaslot-c1048576-w32-i4
silesia,snapshot,qpl-hardware-dynamic-async+dsaslot,1048576,32,5,379.405,78,976252928,/mnt/chsnap/harness/qpl-hardware-dynamic-async+dsaslot-c1048576-w32-i5
silesia,snapshot,qpl-hardware-dynamic-async+dsaslot,1048576,32,6,379.701,77,976252928,/mnt/chsnap/harness/qpl-hardware-dynamic-async+dsaslot-c1048576-w32-i6
silesia,snapshot,qpl-hardware-dynamic-async+dsaslot,1048576,32,7,381.797,77,976252928,/mnt/chsnap/harness/qpl-hardware-dynamic-async+dsaslot-c1048576-w32-i7
silesia,snapshot,qpl-hardware-dynamic-async+dsaslot,1048576,32,8,378.025,77,976252928,/mnt/chsnap/harness/qpl-hardware-dynamic-async+dsaslot-c1048576-w32-i8
silesia,snapshot,qpl-hardware-dynamic-async+dsaslot,1048576,32,9,384.164,78,976252928,/mnt/chsnap/harness/qpl-hardware-dynamic-async+dsaslot-c1048576-w32-i9
silesia,snapshot,qpl-hardware-dynamic-async+dsaslot,1048576,32,10,382.397,77,976252928,/mnt/chsnap/harness/qpl-hardware-dynamic-async+dsaslot-c1048576-w32-i10
silesia,snapshot,qpl-hardware-dynamic-async+dsaslot,1048576,32,11,382.967,77,976252928,/mnt/chsnap/harness/qpl-hardware-dynamic-async+dsaslot-c1048576-w32-i11
silesia,snapshot,qpl-hardware-dynamic-async+dsaslot,1048576,32,12,381.919,78,976252928,/mnt/chsnap/harness/qpl-hardware-dynamic-async+dsaslot-c1048576-w32-i12
silesia,snapshot,qpl-hardware-dynamic-async+dsaslot,1048576,32,13,377.479,78,976252928,/mnt/chsnap/harness/qpl-hardware-dynamic-async+dsaslot-c1048576-w32-i13
silesia,snapshot,qpl-hardware-dynamic-async+dsaslot,1048576,32,14,379.020,78,976252928,/mnt/chsnap/harness/qpl-hardware-dynamic-async+dsaslot-c1048576-w32-i14
silesia,snapshot,qpl-hardware-dynamic-async+dsaslot,1048576,32,15,379.784,78,976252928,/mnt/chsnap/harness/qpl-hardware-dynamic-async+dsaslot-c1048576-w32-i15
silesia,snapshot,qpl-hardware-dynamic-async+dsaslot,1048576,32,16,382.183,77,976252928,/mnt/chsnap/harness/qpl-hardware-dynamic-async+dsaslot-c1048576-w32-i16
silesia,snapshot,qpl-hardware-dynamic-async+dsaslot,1048576,32,17,381.421,77,976252928,/mnt/chsnap/harness/qpl-hardware-dynamic-async+dsaslot-c1048576-w32-i17
silesia,snapshot,qpl-hardware-dynamic-async+dsaslot,1048576,32,18,379.065,77,976252928,/mnt/chsnap/harness/qpl-hardware-dynamic-async+dsaslot-c1048576-w32-i18
silesia,snapshot,qpl-hardware-dynamic-async+dsaslot,1048576,32,19,383.165,77,976252928,/mnt/chsnap/harness/qpl-hardware-dynamic-async+dsaslot-c1048576-w32-i19
silesia,snapshot,qpl-hardware-dynamic-async+dsaslot,1048576,32,20,381.815,77,976252928,/mnt/chsnap/harness/qpl-hardware-dynamic-async+dsaslot-c1048576-w32-i20
silesia,snapshot,qpl-hardware-dynamic-async+cpu,1048576,8,1,543.783,83,976252928,/mnt/chsnap/harness/qpl-hardware-dynamic-async+cpu-c1048576-w8-i1
silesia,snapshot,qpl-hardware-dynamic-async+cpu,1048576,8,2,546.724,83,976252928,/mnt/chsnap/harness/qpl-hardware-dynamic-async+cpu-c1048576-w8-i2
silesia,snapshot,qpl-hardware-dynamic-async+cpu,1048576,8,3,548.337,83,976252928,/mnt/chsnap/harness/qpl-hardware-dynamic-async+cpu-c1048576-w8-i3
silesia,snapshot,qpl-hardware-dynamic-async+cpu,1048576,8,4,543.793,83,976252928,/mnt/chsnap/harness/qpl-hardware-dynamic-async+cpu-c1048576-w8-i4
silesia,snapshot,qpl-hardware-dynamic-async+cpu,1048576,8,5,543.795,83,976252928,/mnt/chsnap/harness/qpl-hardware-dynamic-async+cpu-c1048576-w8-i5
silesia,snapshot,qpl-hardware-dynamic-async+cpu,1048576,8,6,543.483,83,976252928,/mnt/chsnap/harness/qpl-hardware-dynamic-async+cpu-c1048576-w8-i6
silesia,snapshot,qpl-hardware-dynamic-async+cpu,1048576,8,7,542.246,83,976252928,/mnt/chsnap/harness/qpl-hardware-dynamic-async+cpu-c1048576-w8-i7
silesia,snapshot,qpl-hardware-dynamic-async+cpu,1048576,8,8,544.946,83,976252928,/mnt/chsnap/harness/qpl-hardware-dynamic-async+cpu-c1048576-w8-i8
silesia,snapshot,qpl-hardware-dynamic-async+cpu,1048576,8,9,544.437,83,976252928,/mnt/chsnap/harness/qpl-hardware-dynamic-async+cpu-c1048576-w8-i9
silesia,snapshot,qpl-hardware-dynamic-async+cpu,1048576,8,10,541.824,83,976252928,/mnt/chsnap/harness/qpl-hardware-dynamic-async+cpu-c1048576-w8-i10
silesia,snapshot,qpl-hardware-dynamic-async+cpu,1048576,8,11,546.036,83,976252928,/mnt/chsnap/harness/qpl-hardware-dynamic-async+cpu-c1048576-w8-i11
silesia,snapshot,qpl-hardware-dynamic-async+cpu,1048576,8,12,545.674,83,976252928,/mnt/chsnap/harness/qpl-hardware-dynamic-async+cpu-c1048576-w8-i12
silesia,snapshot,qpl-hardware-dynamic-async+cpu,1048576,8,13,544.110,83,976252928,/mnt/chsnap/harness/qpl-hardware-dynamic-async+cpu-c1048576-w8-i13
silesia,snapshot,qpl-hardware-dynamic-async+cpu,1048576,8,14,545.620,83,976252928,/mnt/chsnap/harness/qpl-hardware-dynamic-async+cpu-c1048576-w8-i14
silesia,snapshot,qpl-hardware-dynamic-async+cpu,1048576,8,15,543.876,83,976252928,/mnt/chsnap/harness/qpl-hardware-dynamic-async+cpu-c1048576-w8-i15
silesia,snapshot,qpl-hardware-dynamic-async+cpu,1048576,8,16,546.367,83,976252928,/mnt/chsnap/harness/qpl-hardware-dynamic-async+cpu-c1048576-w8-i16
silesia,snapshot,qpl-hardware-dynamic-async+cpu,1048576,8,17,545.002,83,976252928,/mnt/chsnap/harness/qpl-hardware-dynamic-async+cpu-c1048576-w8-i17
silesia,snapshot,qpl-hardware-dynamic-async+cpu,1048576,8,18,548.867,83,976252928,/mnt/chsnap/harness/qpl-hardware-dynamic-async+cpu-c1048576-w8-i18
silesia,snapshot,qpl-hardware-dynamic-async+cpu,1048576,8,19,545.221,83,976252928,/mnt/chsnap/harness/qpl-hardware-dynamic-async+cpu-c1048576-w8-i19
silesia,snapshot,qpl-hardware-dynamic-async+cpu,1048576,8,20,543.555,83,976252928,/mnt/chsnap/harness/qpl-hardware-dynamic-async+cpu-c1048576-w8-i20
silesia,snapshot,qpl-hardware-dynamic-async+cpu,1048576,16,1,441.886,80,976252928,/mnt/chsnap/harness/qpl-hardware-dynamic-async+cpu-c1048576-w16-i1
silesia,snapshot,qpl-hardware-dynamic-async+cpu,1048576,16,2,444.459,80,976252928,/mnt/chsnap/harness/qpl-hardware-dynamic-async+cpu-c1048576-w16-i2
silesia,snapshot,qpl-hardware-dynamic-async+cpu,1048576,16,3,446.687,80,976252928,/mnt/chsnap/harness/qpl-hardware-dynamic-async+cpu-c1048576-w16-i3
silesia,snapshot,qpl-hardware-dynamic-async+cpu,1048576,16,4,446.144,80,976252928,/mnt/chsnap/harness/qpl-hardware-dynamic-async+cpu-c1048576-w16-i4
silesia,snapshot,qpl-hardware-dynamic-async+cpu,1048576,16,5,443.912,80,976252928,/mnt/chsnap/harness/qpl-hardware-dynamic-async+cpu-c1048576-w16-i5
silesia,snapshot,qpl-hardware-dynamic-async+cpu,1048576,16,6,434.290,79,976252928,/mnt/chsnap/harness/qpl-hardware-dynamic-async+cpu-c1048576-w16-i6
silesia,snapshot,qpl-hardware-dynamic-async+cpu,1048576,16,7,439.825,80,976252928,/mnt/chsnap/harness/qpl-hardware-dynamic-async+cpu-c1048576-w16-i7
silesia,snapshot,qpl-hardware-dynamic-async+cpu,1048576,16,8,442.284,80,976252928,/mnt/chsnap/harness/qpl-hardware-dynamic-async+cpu-c1048576-w16-i8
silesia,snapshot,qpl-hardware-dynamic-async+cpu,1048576,16,9,449.049,80,976252928,/mnt/chsnap/harness/qpl-hardware-dynamic-async+cpu-c1048576-w16-i9
silesia,snapshot,qpl-hardware-dynamic-async+cpu,1048576,16,10,426.046,79,976252928,/mnt/chsnap/harness/qpl-hardware-dynamic-async+cpu-c1048576-w16-i10
silesia,snapshot,qpl-hardware-dynamic-async+cpu,1048576,16,11,440.134,80,976252928,/mnt/chsnap/harness/qpl-hardware-dynamic-async+cpu-c1048576-w16-i11
silesia,snapshot,qpl-hardware-dynamic-async+cpu,1048576,16,12,442.948,80,976252928,/mnt/chsnap/harness/qpl-hardware-dynamic-async+cpu-c1048576-w16-i12
silesia,snapshot,qpl-hardware-dynamic-async+cpu,1048576,16,13,442.244,80,976252928,/mnt/chsnap/harness/qpl-hardware-dynamic-async+cpu-c1048576-w16-i13
silesia,snapshot,qpl-hardware-dynamic-async+cpu,1048576,16,14,424.603,79,976252928,/mnt/chsnap/harness/qpl-hardware-dynamic-async+cpu-c1048576-w16-i14
silesia,snapshot,qpl-hardware-dynamic-async+cpu,1048576,16,15,432.318,80,976252928,/mnt/chsnap/harness/qpl-hardware-dynamic-async+cpu-c1048576-w16-i15
silesia,snapshot,qpl-hardware-dynamic-async+cpu,1048576,16,16,444.336,80,976252928,/mnt/chsnap/harness/qpl-hardware-dynamic-async+cpu-c1048576-w16-i16
silesia,snapshot,qpl-hardware-dynamic-async+cpu,1048576,16,17,420.098,79,976252928,/mnt/chsnap/harness/qpl-hardware-dynamic-async+cpu-c1048576-w16-i17
silesia,snapshot,qpl-hardware-dynamic-async+cpu,1048576,16,18,446.425,80,976252928,/mnt/chsnap/harness/qpl-hardware-dynamic-async+cpu-c1048576-w16-i18
silesia,snapshot,qpl-hardware-dynamic-async+cpu,1048576,16,19,446.541,80,976252928,/mnt/chsnap/harness/qpl-hardware-dynamic-async+cpu-c1048576-w16-i19
silesia,snapshot,qpl-hardware-dynamic-async+cpu,1048576,16,20,445.645,80,976252928,/mnt/chsnap/harness/qpl-hardware-dynamic-async+cpu-c1048576-w16-i20
silesia,snapshot,qpl-hardware-dynamic-async+cpu,1048576,32,1,406.939,78,976252928,/mnt/chsnap/harness/qpl-hardware-dynamic-async+cpu-c1048576-w32-i1
silesia,snapshot,qpl-hardware-dynamic-async+cpu,1048576,32,2,417.240,79,976252928,/mnt/chsnap/harness/qpl-hardware-dynamic-async+cpu-c1048576-w32-i2
silesia,snapshot,qpl-hardware-dynamic-async+cpu,1048576,32,3,410.316,79,976252928,/mnt/chsnap/harness/qpl-hardware-dynamic-async+cpu-c1048576-w32-i3
silesia,snapshot,qpl-hardware-dynamic-async+cpu,1048576,32,4,414.086,78,976252928,/mnt/chsnap/harness/qpl-hardware-dynamic-async+cpu-c1048576-w32-i4
silesia,snapshot,qpl-hardware-dynamic-async+cpu,1048576,32,5,395.675,79,976252928,/mnt/chsnap/harness/qpl-hardware-dynamic-async+cpu-c1048576-w32-i5
silesia,snapshot,qpl-hardware-dynamic-async+cpu,1048576,32,6,415.624,78,976252928,/mnt/chsnap/harness/qpl-hardware-dynamic-async+cpu-c1048576-w32-i6
silesia,snapshot,qpl-hardware-dynamic-async+cpu,1048576,32,7,396.106,78,976252928,/mnt/chsnap/harness/qpl-hardware-dynamic-async+cpu-c1048576-w32-i7
silesia,snapshot,qpl-hardware-dynamic-async+cpu,1048576,32,8,393.222,78,976252928,/mnt/chsnap/harness/qpl-hardware-dynamic-async+cpu-c1048576-w32-i8
silesia,snapshot,qpl-hardware-dynamic-async+cpu,1048576,32,9,417.878,78,976252928,/mnt/chsnap/harness/qpl-hardware-dynamic-async+cpu-c1048576-w32-i9
silesia,snapshot,qpl-hardware-dynamic-async+cpu,1048576,32,10,388.146,77,976252928,/mnt/chsnap/harness/qpl-hardware-dynamic-async+cpu-c1048576-w32-i10
silesia,snapshot,qpl-hardware-dynamic-async+cpu,1048576,32,11,410.590,79,976252928,/mnt/chsnap/harness/qpl-hardware-dynamic-async+cpu-c1048576-w32-i11
silesia,snapshot,qpl-hardware-dynamic-async+cpu,1048576,32,12,404.258,78,976252928,/mnt/chsnap/harness/qpl-hardware-dynamic-async+cpu-c1048576-w32-i12
silesia,snapshot,qpl-hardware-dynamic-async+cpu,1048576,32,13,398.191,78,976252928,/mnt/chsnap/harness/qpl-hardware-dynamic-async+cpu-c1048576-w32-i13
silesia,snapshot,qpl-hardware-dynamic-async+cpu,1048576,32,14,408.996,79,976252928,/mnt/chsnap/harness/qpl-hardware-dynamic-async+cpu-c1048576-w32-i14
silesia,snapshot,qpl-hardware-dynamic-async+cpu,1048576,32,15,412.176,79,976252928,/mnt/chsnap/harness/qpl-hardware-dynamic-async+cpu-c1048576-w32-i15
silesia,snapshot,qpl-hardware-dynamic-async+cpu,1048576,32,16,399.790,79,976252928,/mnt/chsnap/harness/qpl-hardware-dynamic-async+cpu-c1048576-w32-i16
silesia,snapshot,qpl-hardware-dynamic-async+cpu,1048576,32,17,393.686,77,976252928,/mnt/chsnap/harness/qpl-hardware-dynamic-async+cpu-c1048576-w32-i17
silesia,snapshot,qpl-hardware-dynamic-async+cpu,1048576,32,18,412.629,78,976252928,/mnt/chsnap/harness/qpl-hardware-dynamic-async+cpu-c1048576-w32-i18
silesia,snapshot,qpl-hardware-dynamic-async+cpu,1048576,32,19,409.279,78,976252928,/mnt/chsnap/harness/qpl-hardware-dynamic-async+cpu-c1048576-w32-i19
silesia,snapshot,qpl-hardware-dynamic-async+cpu,1048576,32,20,396.599,79,976252928,/mnt/chsnap/harness/qpl-hardware-dynamic-async+cpu-c1048576-w32-i20
silesia,snapshot,qpl-hardware-dynamic-async+dsa,1048576,8,1,539.876,83,976252928,/mnt/chsnap/harness/qpl-hardware-dynamic-async+dsa-c1048576-w8-i1
silesia,snapshot,qpl-hardware-dynamic-async+dsa,1048576,8,2,540.873,83,976252928,/mnt/chsnap/harness/qpl-hardware-dynamic-async+dsa-c1048576-w8-i2
silesia,snapshot,qpl-hardware-dynamic-async+dsa,1048576,8,3,546.301,83,976252928,/mnt/chsnap/harness/qpl-hardware-dynamic-async+dsa-c1048576-w8-i3
silesia,snapshot,qpl-hardware-dynamic-async+dsa,1048576,8,4,536.384,83,976252928,/mnt/chsnap/harness/qpl-hardware-dynamic-async+dsa-c1048576-w8-i4
silesia,snapshot,qpl-hardware-dynamic-async+dsa,1048576,8,5,537.886,83,976252928,/mnt/chsnap/harness/qpl-hardware-dynamic-async+dsa-c1048576-w8-i5
silesia,snapshot,qpl-hardware-dynamic-async+dsa,1048576,8,6,538.249,82,976252928,/mnt/chsnap/harness/qpl-hardware-dynamic-async+dsa-c1048576-w8-i6
silesia,snapshot,qpl-hardware-dynamic-async+dsa,1048576,8,7,538.934,83,976252928,/mnt/chsnap/harness/qpl-hardware-dynamic-async+dsa-c1048576-w8-i7
silesia,snapshot,qpl-hardware-dynamic-async+dsa,1048576,8,8,537.756,83,976252928,/mnt/chsnap/harness/qpl-hardware-dynamic-async+dsa-c1048576-w8-i8
silesia,snapshot,qpl-hardware-dynamic-async+dsa,1048576,8,9,536.452,83,976252928,/mnt/chsnap/harness/qpl-hardware-dynamic-async+dsa-c1048576-w8-i9
silesia,snapshot,qpl-hardware-dynamic-async+dsa,1048576,8,10,537.642,83,976252928,/mnt/chsnap/harness/qpl-hardware-dynamic-async+dsa-c1048576-w8-i10
silesia,snapshot,qpl-hardware-dynamic-async+dsa,1048576,8,11,537.860,83,976252928,/mnt/chsnap/harness/qpl-hardware-dynamic-async+dsa-c1048576-w8-i11
silesia,snapshot,qpl-hardware-dynamic-async+dsa,1048576,8,12,536.724,83,976252928,/mnt/chsnap/harness/qpl-hardware-dynamic-async+dsa-c1048576-w8-i12
silesia,snapshot,qpl-hardware-dynamic-async+dsa,1048576,8,13,541.800,83,976252928,/mnt/chsnap/harness/qpl-hardware-dynamic-async+dsa-c1048576-w8-i13
silesia,snapshot,qpl-hardware-dynamic-async+dsa,1048576,8,14,541.258,83,976252928,/mnt/chsnap/harness/qpl-hardware-dynamic-async+dsa-c1048576-w8-i14
silesia,snapshot,qpl-hardware-dynamic-async+dsa,1048576,8,15,538.682,83,976252928,/mnt/chsnap/harness/qpl-hardware-dynamic-async+dsa-c1048576-w8-i15
silesia,snapshot,qpl-hardware-dynamic-async+dsa,1048576,8,16,537.556,83,976252928,/mnt/chsnap/harness/qpl-hardware-dynamic-async+dsa-c1048576-w8-i16
silesia,snapshot,qpl-hardware-dynamic-async+dsa,1048576,8,17,540.131,83,976252928,/mnt/chsnap/harness/qpl-hardware-dynamic-async+dsa-c1048576-w8-i17
silesia,snapshot,qpl-hardware-dynamic-async+dsa,1048576,8,18,538.914,83,976252928,/mnt/chsnap/harness/qpl-hardware-dynamic-async+dsa-c1048576-w8-i18
silesia,snapshot,qpl-hardware-dynamic-async+dsa,1048576,8,19,538.998,83,976252928,/mnt/chsnap/harness/qpl-hardware-dynamic-async+dsa-c1048576-w8-i19
silesia,snapshot,qpl-hardware-dynamic-async+dsa,1048576,8,20,538.800,83,976252928,/mnt/chsnap/harness/qpl-hardware-dynamic-async+dsa-c1048576-w8-i20
silesia,snapshot,qpl-hardware-dynamic-async+dsa,1048576,16,1,436.215,79,976252928,/mnt/chsnap/harness/qpl-hardware-dynamic-async+dsa-c1048576-w16-i1
silesia,snapshot,qpl-hardware-dynamic-async+dsa,1048576,16,2,442.218,80,976252928,/mnt/chsnap/harness/qpl-hardware-dynamic-async+dsa-c1048576-w16-i2
silesia,snapshot,qpl-hardware-dynamic-async+dsa,1048576,16,3,425.485,79,976252928,/mnt/chsnap/harness/qpl-hardware-dynamic-async+dsa-c1048576-w16-i3
silesia,snapshot,qpl-hardware-dynamic-async+dsa,1048576,16,4,438.799,80,976252928,/mnt/chsnap/harness/qpl-hardware-dynamic-async+dsa-c1048576-w16-i4
silesia,snapshot,qpl-hardware-dynamic-async+dsa,1048576,16,5,414.841,79,976252928,/mnt/chsnap/harness/qpl-hardware-dynamic-async+dsa-c1048576-w16-i5
silesia,snapshot,qpl-hardware-dynamic-async+dsa,1048576,16,6,430.648,79,976252928,/mnt/chsnap/harness/qpl-hardware-dynamic-async+dsa-c1048576-w16-i6
silesia,snapshot,qpl-hardware-dynamic-async+dsa,1048576,16,7,422.122,79,976252928,/mnt/chsnap/harness/qpl-hardware-dynamic-async+dsa-c1048576-w16-i7
silesia,snapshot,qpl-hardware-dynamic-async+dsa,1048576,16,8,430.511,79,976252928,/mnt/chsnap/harness/qpl-hardware-dynamic-async+dsa-c1048576-w16-i8
silesia,snapshot,qpl-hardware-dynamic-async+dsa,1048576,16,9,425.320,79,976252928,/mnt/chsnap/harness/qpl-hardware-dynamic-async+dsa-c1048576-w16-i9
silesia,snapshot,qpl-hardware-dynamic-async+dsa,1048576,16,10,439.597,80,976252928,/mnt/chsnap/harness/qpl-hardware-dynamic-async+dsa-c1048576-w16-i10
silesia,snapshot,qpl-hardware-dynamic-async+dsa,1048576,16,11,436.243,79,976252928,/mnt/chsnap/harness/qpl-hardware-dynamic-async+dsa-c1048576-w16-i11
silesia,snapshot,qpl-hardware-dynamic-async+dsa,1048576,16,12,425.434,79,976252928,/mnt/chsnap/harness/qpl-hardware-dynamic-async+dsa-c1048576-w16-i12
silesia,snapshot,qpl-hardware-dynamic-async+dsa,1048576,16,13,437.524,80,976252928,/mnt/chsnap/harness/qpl-hardware-dynamic-async+dsa-c1048576-w16-i13
silesia,snapshot,qpl-hardware-dynamic-async+dsa,1048576,16,14,433.745,80,976252928,/mnt/chsnap/harness/qpl-hardware-dynamic-async+dsa-c1048576-w16-i14
silesia,snapshot,qpl-hardware-dynamic-async+dsa,1048576,16,15,431.036,79,976252928,/mnt/chsnap/harness/qpl-hardware-dynamic-async+dsa-c1048576-w16-i15
silesia,snapshot,qpl-hardware-dynamic-async+dsa,1048576,16,16,429.898,79,976252928,/mnt/chsnap/harness/qpl-hardware-dynamic-async+dsa-c1048576-w16-i16
silesia,snapshot,qpl-hardware-dynamic-async+dsa,1048576,16,17,435.292,80,976252928,/mnt/chsnap/harness/qpl-hardware-dynamic-async+dsa-c1048576-w16-i17
silesia,snapshot,qpl-hardware-dynamic-async+dsa,1048576,16,18,433.191,80,976252928,/mnt/chsnap/harness/qpl-hardware-dynamic-async+dsa-c1048576-w16-i18
silesia,snapshot,qpl-hardware-dynamic-async+dsa,1048576,16,19,425.229,80,976252928,/mnt/chsnap/harness/qpl-hardware-dynamic-async+dsa-c1048576-w16-i19
silesia,snapshot,qpl-hardware-dynamic-async+dsa,1048576,16,20,427.811,80,976252928,/mnt/chsnap/harness/qpl-hardware-dynamic-async+dsa-c1048576-w16-i20
silesia,snapshot,qpl-hardware-dynamic-async+dsa,1048576,32,1,400.327,79,976252928,/mnt/chsnap/harness/qpl-hardware-dynamic-async+dsa-c1048576-w32-i1
silesia,snapshot,qpl-hardware-dynamic-async+dsa,1048576,32,2,399.354,78,976252928,/mnt/chsnap/harness/qpl-hardware-dynamic-async+dsa-c1048576-w32-i2
silesia,snapshot,qpl-hardware-dynamic-async+dsa,1048576,32,3,402.438,78,976252928,/mnt/chsnap/harness/qpl-hardware-dynamic-async+dsa-c1048576-w32-i3
silesia,snapshot,qpl-hardware-dynamic-async+dsa,1048576,32,4,398.803,78,976252928,/mnt/chsnap/harness/qpl-hardware-dynamic-async+dsa-c1048576-w32-i4
silesia,snapshot,qpl-hardware-dynamic-async+dsa,1048576,32,5,394.565,78,976252928,/mnt/chsnap/harness/qpl-hardware-dynamic-async+dsa-c1048576-w32-i5
silesia,snapshot,qpl-hardware-dynamic-async+dsa,1048576,32,6,392.613,78,976252928,/mnt/chsnap/harness/qpl-hardware-dynamic-async+dsa-c1048576-w32-i6
silesia,snapshot,qpl-hardware-dynamic-async+dsa,1048576,32,7,387.860,78,976252928,/mnt/chsnap/harness/qpl-hardware-dynamic-async+dsa-c1048576-w32-i7
silesia,snapshot,qpl-hardware-dynamic-async+dsa,1048576,32,8,405.418,79,976252928,/mnt/chsnap/harness/qpl-hardware-dynamic-async+dsa-c1048576-w32-i8
silesia,snapshot,qpl-hardware-dynamic-async+dsa,1048576,32,9,407.044,78,976252928,/mnt/chsnap/harness/qpl-hardware-dynamic-async+dsa-c1048576-w32-i9
silesia,snapshot,qpl-hardware-dynamic-async+dsa,1048576,32,10,401.797,78,976252928,/mnt/chsnap/harness/qpl-hardware-dynamic-async+dsa-c1048576-w32-i10
silesia,snapshot,qpl-hardware-dynamic-async+dsa,1048576,32,11,397.163,78,976252928,/mnt/chsnap/harness/qpl-hardware-dynamic-async+dsa-c1048576-w32-i11
silesia,snapshot,qpl-hardware-dynamic-async+dsa,1048576,32,12,400.814,78,976252928,/mnt/chsnap/harness/qpl-hardware-dynamic-async+dsa-c1048576-w32-i12
silesia,snapshot,qpl-hardware-dynamic-async+dsa,1048576,32,13,405.375,78,976252928,/mnt/chsnap/harness/qpl-hardware-dynamic-async+dsa-c1048576-w32-i13
silesia,snapshot,qpl-hardware-dynamic-async+dsa,1048576,32,14,411.675,79,976252928,/mnt/chsnap/harness/qpl-hardware-dynamic-async+dsa-c1048576-w32-i14
silesia,snapshot,qpl-hardware-dynamic-async+dsa,1048576,32,15,407.536,78,976252928,/mnt/chsnap/harness/qpl-hardware-dynamic-async+dsa-c1048576-w32-i15
silesia,snapshot,qpl-hardware-dynamic-async+dsa,1048576,32,16,389.803,77,976252928,/mnt/chsnap/harness/qpl-hardware-dynamic-async+dsa-c1048576-w32-i16
silesia,snapshot,qpl-hardware-dynamic-async+dsa,1048576,32,17,394.723,78,976252928,/mnt/chsnap/harness/qpl-hardware-dynamic-async+dsa-c1048576-w32-i17
silesia,snapshot,qpl-hardware-dynamic-async+dsa,1048576,32,18,405.251,79,976252928,/mnt/chsnap/harness/qpl-hardware-dynamic-async+dsa-c1048576-w32-i18
silesia,snapshot,qpl-hardware-dynamic-async+dsa,1048576,32,19,399.718,78,976252928,/mnt/chsnap/harness/qpl-hardware-dynamic-async+dsa-c1048576-w32-i19
silesia,snapshot,qpl-hardware-dynamic-async+dsa,1048576,32,20,405.141,78,976252928,/mnt/chsnap/harness/qpl-hardware-dynamic-async+dsa-c1048576-w32-i20
silesia,restore,raw,0,1,1,1138.446,97,2692116480,/mnt/chsnap/harness/raw-c0-w1-i1
silesia,restore,raw,0,1,2,1142.487,97,2692116480,/mnt/chsnap/harness/raw-c0-w1-i1
silesia,restore,raw,0,1,3,1143.612,97,2692116480,/mnt/chsnap/harness/raw-c0-w1-i1
silesia,restore,raw,0,1,4,1144.398,97,2692116480,/mnt/chsnap/harness/raw-c0-w1-i1
silesia,restore,raw,0,1,5,1140.767,97,2692116480,/mnt/chsnap/harness/raw-c0-w1-i1
silesia,restore,raw,0,1,6,1138.208,97,2692116480,/mnt/chsnap/harness/raw-c0-w1-i1
silesia,restore,raw,0,1,7,1143.690,97,2692116480,/mnt/chsnap/harness/raw-c0-w1-i1
silesia,restore,raw,0,1,8,1146.738,97,2692116480,/mnt/chsnap/harness/raw-c0-w1-i1
silesia,restore,raw,0,1,9,1139.871,97,2692116480,/mnt/chsnap/harness/raw-c0-w1-i1
silesia,restore,raw,0,1,10,1133.979,97,2692116480,/mnt/chsnap/harness/raw-c0-w1-i1
silesia,restore,raw,0,1,11,1139.401,97,2692116480,/mnt/chsnap/harness/raw-c0-w1-i1
silesia,restore,raw,0,1,12,1153.060,96,2692116480,/mnt/chsnap/harness/raw-c0-w1-i1
silesia,restore,raw,0,1,13,1146.915,97,2692116480,/mnt/chsnap/harness/raw-c0-w1-i1
silesia,restore,raw,0,1,14,1134.865,97,2692116480,/mnt/chsnap/harness/raw-c0-w1-i1
silesia,restore,raw,0,1,15,1141.274,97,2692116480,/mnt/chsnap/harness/raw-c0-w1-i1
silesia,restore,raw,0,1,16,1135.592,97,2692116480,/mnt/chsnap/harness/raw-c0-w1-i1
silesia,restore,raw,0,1,17,1134.009,97,2692116480,/mnt/chsnap/harness/raw-c0-w1-i1
silesia,restore,raw,0,1,18,1138.366,97,2692116480,/mnt/chsnap/harness/raw-c0-w1-i1
silesia,restore,raw,0,1,19,1137.372,98,2692116480,/mnt/chsnap/harness/raw-c0-w1-i1
silesia,restore,raw,0,1,20,1145.913,97,2692116480,/mnt/chsnap/harness/raw-c0-w1-i1
silesia,restore,qpl-hardware-static-async,1048576,32,1,813.980,96,1145659392,/mnt/chsnap/harness/qpl-hardware-static-async-c1048576-w8-i1
silesia,restore,qpl-hardware-static-async,1048576,32,2,809.536,96,1145659392,/mnt/chsnap/harness/qpl-hardware-static-async-c1048576-w8-i1
silesia,restore,qpl-hardware-static-async,1048576,32,3,803.391,97,1145659392,/mnt/chsnap/harness/qpl-hardware-static-async-c1048576-w8-i1
silesia,restore,qpl-hardware-static-async,1048576,32,4,803.311,97,1145659392,/mnt/chsnap/harness/qpl-hardware-static-async-c1048576-w8-i1
silesia,restore,qpl-hardware-static-async,1048576,32,5,800.054,97,1145659392,/mnt/chsnap/harness/qpl-hardware-static-async-c1048576-w8-i1
silesia,restore,qpl-hardware-static-async,1048576,32,6,811.698,96,1145659392,/mnt/chsnap/harness/qpl-hardware-static-async-c1048576-w8-i1
silesia,restore,qpl-hardware-static-async,1048576,32,7,796.659,97,1145659392,/mnt/chsnap/harness/qpl-hardware-static-async-c1048576-w8-i1
silesia,restore,qpl-hardware-static-async,1048576,32,8,808.040,96,1145659392,/mnt/chsnap/harness/qpl-hardware-static-async-c1048576-w8-i1
silesia,restore,qpl-hardware-static-async,1048576,32,9,806.215,96,1145659392,/mnt/chsnap/harness/qpl-hardware-static-async-c1048576-w8-i1
silesia,restore,qpl-hardware-static-async,1048576,32,10,808.004,97,1145659392,/mnt/chsnap/harness/qpl-hardware-static-async-c1048576-w8-i1
silesia,restore,qpl-hardware-static-async,1048576,32,11,811.414,96,1145659392,/mnt/chsnap/harness/qpl-hardware-static-async-c1048576-w8-i1
silesia,restore,qpl-hardware-static-async,1048576,32,12,803.978,97,1145659392,/mnt/chsnap/harness/qpl-hardware-static-async-c1048576-w8-i1
silesia,restore,qpl-hardware-static-async,1048576,32,13,804.675,97,1145659392,/mnt/chsnap/harness/qpl-hardware-static-async-c1048576-w8-i1
silesia,restore,qpl-hardware-static-async,1048576,32,14,806.853,96,1145659392,/mnt/chsnap/harness/qpl-hardware-static-async-c1048576-w8-i1
silesia,restore,qpl-hardware-static-async,1048576,32,15,800.065,97,1145659392,/mnt/chsnap/harness/qpl-hardware-static-async-c1048576-w8-i1
silesia,restore,qpl-hardware-static-async,1048576,32,16,807.692,96,1145659392,/mnt/chsnap/harness/qpl-hardware-static-async-c1048576-w8-i1
silesia,restore,qpl-hardware-static-async,1048576,32,17,811.817,96,1145659392,/mnt/chsnap/harness/qpl-hardware-static-async-c1048576-w8-i1
silesia,restore,qpl-hardware-static-async,1048576,32,18,799.845,97,1145659392,/mnt/chsnap/harness/qpl-hardware-static-async-c1048576-w8-i1
silesia,restore,qpl-hardware-static-async,1048576,32,19,805.525,97,1145659392,/mnt/chsnap/harness/qpl-hardware-static-async-c1048576-w8-i1
silesia,restore,qpl-hardware-static-async,1048576,32,20,802.376,97,1145659392,/mnt/chsnap/harness/qpl-hardware-static-async-c1048576-w8-i1
silesia,restore,qpl-hardware-static-async+cpuslot,1048576,32,1,810.345,97,1145659392,/mnt/chsnap/harness/qpl-hardware-static-async+cpuslot-c1048576-w8-i1
silesia,restore,qpl-hardware-static-async+cpuslot,1048576,32,2,806.929,97,1145659392,/mnt/chsnap/harness/qpl-hardware-static-async+cpuslot-c1048576-w8-i1
silesia,restore,qpl-hardware-static-async+cpuslot,1048576,32,3,806.162,97,1145659392,/mnt/chsnap/harness/qpl-hardware-static-async+cpuslot-c1048576-w8-i1
silesia,restore,qpl-hardware-static-async+cpuslot,1048576,32,4,810.166,96,1145659392,/mnt/chsnap/harness/qpl-hardware-static-async+cpuslot-c1048576-w8-i1
silesia,restore,qpl-hardware-static-async+cpuslot,1048576,32,5,817.190,96,1145659392,/mnt/chsnap/harness/qpl-hardware-static-async+cpuslot-c1048576-w8-i1
silesia,restore,qpl-hardware-static-async+cpuslot,1048576,32,6,799.766,97,1145659392,/mnt/chsnap/harness/qpl-hardware-static-async+cpuslot-c1048576-w8-i1
silesia,restore,qpl-hardware-static-async+cpuslot,1048576,32,7,804.184,97,1145659392,/mnt/chsnap/harness/qpl-hardware-static-async+cpuslot-c1048576-w8-i1
silesia,restore,qpl-hardware-static-async+cpuslot,1048576,32,8,801.183,97,1145659392,/mnt/chsnap/harness/qpl-hardware-static-async+cpuslot-c1048576-w8-i1
silesia,restore,qpl-hardware-static-async+cpuslot,1048576,32,9,811.618,96,1145659392,/mnt/chsnap/harness/qpl-hardware-static-async+cpuslot-c1048576-w8-i1
silesia,restore,qpl-hardware-static-async+cpuslot,1048576,32,10,809.509,96,1145659392,/mnt/chsnap/harness/qpl-hardware-static-async+cpuslot-c1048576-w8-i1
silesia,restore,qpl-hardware-static-async+cpuslot,1048576,32,11,808.446,96,1145659392,/mnt/chsnap/harness/qpl-hardware-static-async+cpuslot-c1048576-w8-i1
silesia,restore,qpl-hardware-static-async+cpuslot,1048576,32,12,803.442,97,1145659392,/mnt/chsnap/harness/qpl-hardware-static-async+cpuslot-c1048576-w8-i1
silesia,restore,qpl-hardware-static-async+cpuslot,1048576,32,13,808.041,96,1145659392,/mnt/chsnap/harness/qpl-hardware-static-async+cpuslot-c1048576-w8-i1
silesia,restore,qpl-hardware-static-async+cpuslot,1048576,32,14,795.980,97,1145659392,/mnt/chsnap/harness/qpl-hardware-static-async+cpuslot-c1048576-w8-i1
silesia,restore,qpl-hardware-static-async+cpuslot,1048576,32,15,806.444,97,1145659392,/mnt/chsnap/harness/qpl-hardware-static-async+cpuslot-c1048576-w8-i1
silesia,restore,qpl-hardware-static-async+cpuslot,1048576,32,16,810.023,96,1145659392,/mnt/chsnap/harness/qpl-hardware-static-async+cpuslot-c1048576-w8-i1
silesia,restore,qpl-hardware-static-async+cpuslot,1048576,32,17,813.434,96,1145659392,/mnt/chsnap/harness/qpl-hardware-static-async+cpuslot-c1048576-w8-i1
silesia,restore,qpl-hardware-static-async+cpuslot,1048576,32,18,801.612,97,1145659392,/mnt/chsnap/harness/qpl-hardware-static-async+cpuslot-c1048576-w8-i1
silesia,restore,qpl-hardware-static-async+cpuslot,1048576,32,19,812.633,96,1145659392,/mnt/chsnap/harness/qpl-hardware-static-async+cpuslot-c1048576-w8-i1
silesia,restore,qpl-hardware-static-async+cpuslot,1048576,32,20,814.128,96,1145659392,/mnt/chsnap/harness/qpl-hardware-static-async+cpuslot-c1048576-w8-i1
silesia,restore,qpl-hardware-static-async+dsaslot,1048576,32,1,809.208,97,1145659392,/mnt/chsnap/harness/qpl-hardware-static-async+dsaslot-c1048576-w8-i1
silesia,restore,qpl-hardware-static-async+dsaslot,1048576,32,2,814.720,96,1145659392,/mnt/chsnap/harness/qpl-hardware-static-async+dsaslot-c1048576-w8-i1
silesia,restore,qpl-hardware-static-async+dsaslot,1048576,32,3,812.310,96,1145659392,/mnt/chsnap/harness/qpl-hardware-static-async+dsaslot-c1048576-w8-i1
silesia,restore,qpl-hardware-static-async+dsaslot,1048576,32,4,815.719,96,1145659392,/mnt/chsnap/harness/qpl-hardware-static-async+dsaslot-c1048576-w8-i1
silesia,restore,qpl-hardware-static-async+dsaslot,1048576,32,5,801.828,97,1145659392,/mnt/chsnap/harness/qpl-hardware-static-async+dsaslot-c1048576-w8-i1
silesia,restore,qpl-hardware-static-async+dsaslot,1048576,32,6,812.525,96,1145659392,/mnt/chsnap/harness/qpl-hardware-static-async+dsaslot-c1048576-w8-i1
silesia,restore,qpl-hardware-static-async+dsaslot,1048576,32,7,802.745,97,1145659392,/mnt/chsnap/harness/qpl-hardware-static-async+dsaslot-c1048576-w8-i1
silesia,restore,qpl-hardware-static-async+dsaslot,1048576,32,8,808.778,96,1145659392,/mnt/chsnap/harness/qpl-hardware-static-async+dsaslot-c1048576-w8-i1
silesia,restore,qpl-hardware-static-async+dsaslot,1048576,32,9,808.096,97,1145659392,/mnt/chsnap/harness/qpl-hardware-static-async+dsaslot-c1048576-w8-i1
silesia,restore,qpl-hardware-static-async+dsaslot,1048576,32,10,811.756,96,1145659392,/mnt/chsnap/harness/qpl-hardware-static-async+dsaslot-c1048576-w8-i1
silesia,restore,qpl-hardware-static-async+dsaslot,1048576,32,11,804.376,97,1145659392,/mnt/chsnap/harness/qpl-hardware-static-async+dsaslot-c1048576-w8-i1
silesia,restore,qpl-hardware-static-async+dsaslot,1048576,32,12,809.152,97,1145659392,/mnt/chsnap/harness/qpl-hardware-static-async+dsaslot-c1048576-w8-i1
silesia,restore,qpl-hardware-static-async+dsaslot,1048576,32,13,806.365,97,1145659392,/mnt/chsnap/harness/qpl-hardware-static-async+dsaslot-c1048576-w8-i1
silesia,restore,qpl-hardware-static-async+dsaslot,1048576,32,14,812.382,96,1145659392,/mnt/chsnap/harness/qpl-hardware-static-async+dsaslot-c1048576-w8-i1
silesia,restore,qpl-hardware-static-async+dsaslot,1048576,32,15,806.269,97,1145659392,/mnt/chsnap/harness/qpl-hardware-static-async+dsaslot-c1048576-w8-i1
silesia,restore,qpl-hardware-static-async+dsaslot,1048576,32,16,810.352,96,1145659392,/mnt/chsnap/harness/qpl-hardware-static-async+dsaslot-c1048576-w8-i1
silesia,restore,qpl-hardware-static-async+dsaslot,1048576,32,17,807.506,97,1145659392,/mnt/chsnap/harness/qpl-hardware-static-async+dsaslot-c1048576-w8-i1
silesia,restore,qpl-hardware-static-async+dsaslot,1048576,32,18,812.104,96,1145659392,/mnt/chsnap/harness/qpl-hardware-static-async+dsaslot-c1048576-w8-i1
silesia,restore,qpl-hardware-static-async+dsaslot,1048576,32,19,813.768,96,1145659392,/mnt/chsnap/harness/qpl-hardware-static-async+dsaslot-c1048576-w8-i1
silesia,restore,qpl-hardware-static-async+dsaslot,1048576,32,20,813.615,96,1145659392,/mnt/chsnap/harness/qpl-hardware-static-async+dsaslot-c1048576-w8-i1
silesia,restore,qpl-hardware-static-async+cpu,1048576,32,1,813.075,96,1145659392,/mnt/chsnap/harness/qpl-hardware-static-async+cpu-c1048576-w8-i1
silesia,restore,qpl-hardware-static-async+cpu,1048576,32,2,808.312,97,1145659392,/mnt/chsnap/harness/qpl-hardware-static-async+cpu-c1048576-w8-i1
silesia,restore,qpl-hardware-static-async+cpu,1048576,32,3,807.707,97,1145659392,/mnt/chsnap/harness/qpl-hardware-static-async+cpu-c1048576-w8-i1
silesia,restore,qpl-hardware-static-async+cpu,1048576,32,4,810.286,96,1145659392,/mnt/chsnap/harness/qpl-hardware-static-async+cpu-c1048576-w8-i1
silesia,restore,qpl-hardware-static-async+cpu,1048576,32,5,800.335,97,1145659392,/mnt/chsnap/harness/qpl-hardware-static-async+cpu-c1048576-w8-i1
silesia,restore,qpl-hardware-static-async+cpu,1048576,32,6,805.112,97,1145659392,/mnt/chsnap/harness/qpl-hardware-static-async+cpu-c1048576-w8-i1
silesia,restore,qpl-hardware-static-async+cpu,1048576,32,7,813.801,96,1145659392,/mnt/chsnap/harness/qpl-hardware-static-async+cpu-c1048576-w8-i1
silesia,restore,qpl-hardware-static-async+cpu,1048576,32,8,811.786,96,1145659392,/mnt/chsnap/harness/qpl-hardware-static-async+cpu-c1048576-w8-i1
silesia,restore,qpl-hardware-static-async+cpu,1048576,32,9,806.252,97,1145659392,/mnt/chsnap/harness/qpl-hardware-static-async+cpu-c1048576-w8-i1
silesia,restore,qpl-hardware-static-async+cpu,1048576,32,10,813.787,96,1145659392,/mnt/chsnap/harness/qpl-hardware-static-async+cpu-c1048576-w8-i1
silesia,restore,qpl-hardware-static-async+cpu,1048576,32,11,816.958,96,1145659392,/mnt/chsnap/harness/qpl-hardware-static-async+cpu-c1048576-w8-i1
silesia,restore,qpl-hardware-static-async+cpu,1048576,32,12,811.902,96,1145659392,/mnt/chsnap/harness/qpl-hardware-static-async+cpu-c1048576-w8-i1
silesia,restore,qpl-hardware-static-async+cpu,1048576,32,13,809.649,97,1145659392,/mnt/chsnap/harness/qpl-hardware-static-async+cpu-c1048576-w8-i1
silesia,restore,qpl-hardware-static-async+cpu,1048576,32,14,806.780,97,1145659392,/mnt/chsnap/harness/qpl-hardware-static-async+cpu-c1048576-w8-i1
silesia,restore,qpl-hardware-static-async+cpu,1048576,32,15,811.224,96,1145659392,/mnt/chsnap/harness/qpl-hardware-static-async+cpu-c1048576-w8-i1
silesia,restore,qpl-hardware-static-async+cpu,1048576,32,16,800.790,97,1145659392,/mnt/chsnap/harness/qpl-hardware-static-async+cpu-c1048576-w8-i1
silesia,restore,qpl-hardware-static-async+cpu,1048576,32,17,809.392,97,1145659392,/mnt/chsnap/harness/qpl-hardware-static-async+cpu-c1048576-w8-i1
silesia,restore,qpl-hardware-static-async+cpu,1048576,32,18,809.761,97,1145659392,/mnt/chsnap/harness/qpl-hardware-static-async+cpu-c1048576-w8-i1
silesia,restore,qpl-hardware-static-async+cpu,1048576,32,19,804.362,97,1145659392,/mnt/chsnap/harness/qpl-hardware-static-async+cpu-c1048576-w8-i1
silesia,restore,qpl-hardware-static-async+cpu,1048576,32,20,811.484,96,1145659392,/mnt/chsnap/harness/qpl-hardware-static-async+cpu-c1048576-w8-i1
silesia,restore,qpl-hardware-static-async+dsa,1048576,32,1,804.532,97,1145659392,/mnt/chsnap/harness/qpl-hardware-static-async+dsa-c1048576-w8-i1
silesia,restore,qpl-hardware-static-async+dsa,1048576,32,2,817.658,96,1145659392,/mnt/chsnap/harness/qpl-hardware-static-async+dsa-c1048576-w8-i1
silesia,restore,qpl-hardware-static-async+dsa,1048576,32,3,813.276,96,1145659392,/mnt/chsnap/harness/qpl-hardware-static-async+dsa-c1048576-w8-i1
silesia,restore,qpl-hardware-static-async+dsa,1048576,32,4,810.458,97,1145659392,/mnt/chsnap/harness/qpl-hardware-static-async+dsa-c1048576-w8-i1
silesia,restore,qpl-hardware-static-async+dsa,1048576,32,5,803.245,97,1145659392,/mnt/chsnap/harness/qpl-hardware-static-async+dsa-c1048576-w8-i1
silesia,restore,qpl-hardware-static-async+dsa,1048576,32,6,812.587,96,1145659392,/mnt/chsnap/harness/qpl-hardware-static-async+dsa-c1048576-w8-i1
silesia,restore,qpl-hardware-static-async+dsa,1048576,32,7,804.638,97,1145659392,/mnt/chsnap/harness/qpl-hardware-static-async+dsa-c1048576-w8-i1
silesia,restore,qpl-hardware-static-async+dsa,1048576,32,8,809.396,97,1145659392,/mnt/chsnap/harness/qpl-hardware-static-async+dsa-c1048576-w8-i1
silesia,restore,qpl-hardware-static-async+dsa,1048576,32,9,811.470,96,1145659392,/mnt/chsnap/harness/qpl-hardware-static-async+dsa-c1048576-w8-i1
silesia,restore,qpl-hardware-static-async+dsa,1048576,32,10,819.820,95,1145659392,/mnt/chsnap/harness/qpl-hardware-static-async+dsa-c1048576-w8-i1
silesia,restore,qpl-hardware-static-async+dsa,1048576,32,11,807.774,97,1145659392,/mnt/chsnap/harness/qpl-hardware-static-async+dsa-c1048576-w8-i1
silesia,restore,qpl-hardware-static-async+dsa,1048576,32,12,810.722,96,1145659392,/mnt/chsnap/harness/qpl-hardware-static-async+dsa-c1048576-w8-i1
silesia,restore,qpl-hardware-static-async+dsa,1048576,32,13,808.679,97,1145659392,/mnt/chsnap/harness/qpl-hardware-static-async+dsa-c1048576-w8-i1
silesia,restore,qpl-hardware-static-async+dsa,1048576,32,14,811.910,96,1145659392,/mnt/chsnap/harness/qpl-hardware-static-async+dsa-c1048576-w8-i1
silesia,restore,qpl-hardware-static-async+dsa,1048576,32,15,811.348,96,1145659392,/mnt/chsnap/harness/qpl-hardware-static-async+dsa-c1048576-w8-i1
silesia,restore,qpl-hardware-static-async+dsa,1048576,32,16,812.375,96,1145659392,/mnt/chsnap/harness/qpl-hardware-static-async+dsa-c1048576-w8-i1
silesia,restore,qpl-hardware-static-async+dsa,1048576,32,17,818.322,95,1145659392,/mnt/chsnap/harness/qpl-hardware-static-async+dsa-c1048576-w8-i1
silesia,restore,qpl-hardware-static-async+dsa,1048576,32,18,806.765,97,1145659392,/mnt/chsnap/harness/qpl-hardware-static-async+dsa-c1048576-w8-i1
silesia,restore,qpl-hardware-static-async+dsa,1048576,32,19,809.580,96,1145659392,/mnt/chsnap/harness/qpl-hardware-static-async+dsa-c1048576-w8-i1
silesia,restore,qpl-hardware-static-async+dsa,1048576,32,20,816.794,96,1145659392,/mnt/chsnap/harness/qpl-hardware-static-async+dsa-c1048576-w8-i1
silesia,restore,qpl-hardware-dynamic-async,1048576,32,1,790.008,96,976252928,/mnt/chsnap/harness/qpl-hardware-dynamic-async-c1048576-w8-i1
silesia,restore,qpl-hardware-dynamic-async,1048576,32,2,791.989,95,976252928,/mnt/chsnap/harness/qpl-hardware-dynamic-async-c1048576-w8-i1
silesia,restore,qpl-hardware-dynamic-async,1048576,32,3,782.072,97,976252928,/mnt/chsnap/harness/qpl-hardware-dynamic-async-c1048576-w8-i1
silesia,restore,qpl-hardware-dynamic-async,1048576,32,4,784.039,96,976252928,/mnt/chsnap/harness/qpl-hardware-dynamic-async-c1048576-w8-i1
silesia,restore,qpl-hardware-dynamic-async,1048576,32,5,777.404,97,976252928,/mnt/chsnap/harness/qpl-hardware-dynamic-async-c1048576-w8-i1
silesia,restore,qpl-hardware-dynamic-async,1048576,32,6,777.676,97,976252928,/mnt/chsnap/harness/qpl-hardware-dynamic-async-c1048576-w8-i1
silesia,restore,qpl-hardware-dynamic-async,1048576,32,7,793.470,95,976252928,/mnt/chsnap/harness/qpl-hardware-dynamic-async-c1048576-w8-i1
silesia,restore,qpl-hardware-dynamic-async,1048576,32,8,775.641,97,976252928,/mnt/chsnap/harness/qpl-hardware-dynamic-async-c1048576-w8-i1
silesia,restore,qpl-hardware-dynamic-async,1048576,32,9,780.170,97,976252928,/mnt/chsnap/harness/qpl-hardware-dynamic-async-c1048576-w8-i1
silesia,restore,qpl-hardware-dynamic-async,1048576,32,10,785.427,96,976252928,/mnt/chsnap/harness/qpl-hardware-dynamic-async-c1048576-w8-i1
silesia,restore,qpl-hardware-dynamic-async,1048576,32,11,788.331,96,976252928,/mnt/chsnap/harness/qpl-hardware-dynamic-async-c1048576-w8-i1
silesia,restore,qpl-hardware-dynamic-async,1048576,32,12,775.162,97,976252928,/mnt/chsnap/harness/qpl-hardware-dynamic-async-c1048576-w8-i1
silesia,restore,qpl-hardware-dynamic-async,1048576,32,13,783.081,96,976252928,/mnt/chsnap/harness/qpl-hardware-dynamic-async-c1048576-w8-i1
silesia,restore,qpl-hardware-dynamic-async,1048576,32,14,775.397,97,976252928,/mnt/chsnap/harness/qpl-hardware-dynamic-async-c1048576-w8-i1
silesia,restore,qpl-hardware-dynamic-async,1048576,32,15,776.377,97,976252928,/mnt/chsnap/harness/qpl-hardware-dynamic-async-c1048576-w8-i1
silesia,restore,qpl-hardware-dynamic-async,1048576,32,16,784.311,96,976252928,/mnt/chsnap/harness/qpl-hardware-dynamic-async-c1048576-w8-i1
silesia,restore,qpl-hardware-dynamic-async,1048576,32,17,781.434,96,976252928,/mnt/chsnap/harness/qpl-hardware-dynamic-async-c1048576-w8-i1
silesia,restore,qpl-hardware-dynamic-async,1048576,32,18,786.899,96,976252928,/mnt/chsnap/harness/qpl-hardware-dynamic-async-c1048576-w8-i1
silesia,restore,qpl-hardware-dynamic-async,1048576,32,19,784.260,96,976252928,/mnt/chsnap/harness/qpl-hardware-dynamic-async-c1048576-w8-i1
silesia,restore,qpl-hardware-dynamic-async,1048576,32,20,784.064,96,976252928,/mnt/chsnap/harness/qpl-hardware-dynamic-async-c1048576-w8-i1
silesia,restore,qpl-hardware-dynamic-async+cpuslot,1048576,32,1,793.284,96,976252928,/mnt/chsnap/harness/qpl-hardware-dynamic-async+cpuslot-c1048576-w8-i1
silesia,restore,qpl-hardware-dynamic-async+cpuslot,1048576,32,2,788.236,96,976252928,/mnt/chsnap/harness/qpl-hardware-dynamic-async+cpuslot-c1048576-w8-i1
silesia,restore,qpl-hardware-dynamic-async+cpuslot,1048576,32,3,784.486,97,976252928,/mnt/chsnap/harness/qpl-hardware-dynamic-async+cpuslot-c1048576-w8-i1
silesia,restore,qpl-hardware-dynamic-async+cpuslot,1048576,32,4,791.573,95,976252928,/mnt/chsnap/harness/qpl-hardware-dynamic-async+cpuslot-c1048576-w8-i1
silesia,restore,qpl-hardware-dynamic-async+cpuslot,1048576,32,5,788.077,96,976252928,/mnt/chsnap/harness/qpl-hardware-dynamic-async+cpuslot-c1048576-w8-i1
silesia,restore,qpl-hardware-dynamic-async+cpuslot,1048576,32,6,778.437,97,976252928,/mnt/chsnap/harness/qpl-hardware-dynamic-async+cpuslot-c1048576-w8-i1
silesia,restore,qpl-hardware-dynamic-async+cpuslot,1048576,32,7,787.658,96,976252928,/mnt/chsnap/harness/qpl-hardware-dynamic-async+cpuslot-c1048576-w8-i1
silesia,restore,qpl-hardware-dynamic-async+cpuslot,1048576,32,8,788.522,96,976252928,/mnt/chsnap/harness/qpl-hardware-dynamic-async+cpuslot-c1048576-w8-i1
silesia,restore,qpl-hardware-dynamic-async+cpuslot,1048576,32,9,797.424,95,976252928,/mnt/chsnap/harness/qpl-hardware-dynamic-async+cpuslot-c1048576-w8-i1
silesia,restore,qpl-hardware-dynamic-async+cpuslot,1048576,32,10,789.621,96,976252928,/mnt/chsnap/harness/qpl-hardware-dynamic-async+cpuslot-c1048576-w8-i1
silesia,restore,qpl-hardware-dynamic-async+cpuslot,1048576,32,11,783.016,97,976252928,/mnt/chsnap/harness/qpl-hardware-dynamic-async+cpuslot-c1048576-w8-i1
silesia,restore,qpl-hardware-dynamic-async+cpuslot,1048576,32,12,792.632,96,976252928,/mnt/chsnap/harness/qpl-hardware-dynamic-async+cpuslot-c1048576-w8-i1
silesia,restore,qpl-hardware-dynamic-async+cpuslot,1048576,32,13,781.416,97,976252928,/mnt/chsnap/harness/qpl-hardware-dynamic-async+cpuslot-c1048576-w8-i1
silesia,restore,qpl-hardware-dynamic-async+cpuslot,1048576,32,14,786.776,97,976252928,/mnt/chsnap/harness/qpl-hardware-dynamic-async+cpuslot-c1048576-w8-i1
silesia,restore,qpl-hardware-dynamic-async+cpuslot,1048576,32,15,786.232,96,976252928,/mnt/chsnap/harness/qpl-hardware-dynamic-async+cpuslot-c1048576-w8-i1
silesia,restore,qpl-hardware-dynamic-async+cpuslot,1048576,32,16,782.391,97,976252928,/mnt/chsnap/harness/qpl-hardware-dynamic-async+cpuslot-c1048576-w8-i1
silesia,restore,qpl-hardware-dynamic-async+cpuslot,1048576,32,17,792.789,96,976252928,/mnt/chsnap/harness/qpl-hardware-dynamic-async+cpuslot-c1048576-w8-i1
silesia,restore,qpl-hardware-dynamic-async+cpuslot,1048576,32,18,774.920,97,976252928,/mnt/chsnap/harness/qpl-hardware-dynamic-async+cpuslot-c1048576-w8-i1
silesia,restore,qpl-hardware-dynamic-async+cpuslot,1048576,32,19,777.886,97,976252928,/mnt/chsnap/harness/qpl-hardware-dynamic-async+cpuslot-c1048576-w8-i1
silesia,restore,qpl-hardware-dynamic-async+cpuslot,1048576,32,20,782.966,97,976252928,/mnt/chsnap/harness/qpl-hardware-dynamic-async+cpuslot-c1048576-w8-i1
silesia,restore,qpl-hardware-dynamic-async+dsaslot,1048576,32,1,787.566,96,976252928,/mnt/chsnap/harness/qpl-hardware-dynamic-async+dsaslot-c1048576-w8-i1
silesia,restore,qpl-hardware-dynamic-async+dsaslot,1048576,32,2,789.421,96,976252928,/mnt/chsnap/harness/qpl-hardware-dynamic-async+dsaslot-c1048576-w8-i1
silesia,restore,qpl-hardware-dynamic-async+dsaslot,1048576,32,3,779.789,97,976252928,/mnt/chsnap/harness/qpl-hardware-dynamic-async+dsaslot-c1048576-w8-i1
silesia,restore,qpl-hardware-dynamic-async+dsaslot,1048576,32,4,782.793,97,976252928,/mnt/chsnap/harness/qpl-hardware-dynamic-async+dsaslot-c1048576-w8-i1
silesia,restore,qpl-hardware-dynamic-async+dsaslot,1048576,32,5,776.471,97,976252928,/mnt/chsnap/harness/qpl-hardware-dynamic-async+dsaslot-c1048576-w8-i1
silesia,restore,qpl-hardware-dynamic-async+dsaslot,1048576,32,6,778.148,97,976252928,/mnt/chsnap/harness/qpl-hardware-dynamic-async+dsaslot-c1048576-w8-i1
silesia,restore,qpl-hardware-dynamic-async+dsaslot,1048576,32,7,782.697,97,976252928,/mnt/chsnap/harness/qpl-hardware-dynamic-async+dsaslot-c1048576-w8-i1
silesia,restore,qpl-hardware-dynamic-async+dsaslot,1048576,32,8,778.744,97,976252928,/mnt/chsnap/harness/qpl-hardware-dynamic-async+dsaslot-c1048576-w8-i1
silesia,restore,qpl-hardware-dynamic-async+dsaslot,1048576,32,9,783.915,96,976252928,/mnt/chsnap/harness/qpl-hardware-dynamic-async+dsaslot-c1048576-w8-i1
silesia,restore,qpl-hardware-dynamic-async+dsaslot,1048576,32,10,776.665,97,976252928,/mnt/chsnap/harness/qpl-hardware-dynamic-async+dsaslot-c1048576-w8-i1
silesia,restore,qpl-hardware-dynamic-async+dsaslot,1048576,32,11,784.148,96,976252928,/mnt/chsnap/harness/qpl-hardware-dynamic-async+dsaslot-c1048576-w8-i1
silesia,restore,qpl-hardware-dynamic-async+dsaslot,1048576,32,12,782.338,96,976252928,/mnt/chsnap/harness/qpl-hardware-dynamic-async+dsaslot-c1048576-w8-i1
silesia,restore,qpl-hardware-dynamic-async+dsaslot,1048576,32,13,788.251,96,976252928,/mnt/chsnap/harness/qpl-hardware-dynamic-async+dsaslot-c1048576-w8-i1
silesia,restore,qpl-hardware-dynamic-async+dsaslot,1048576,32,14,785.446,96,976252928,/mnt/chsnap/harness/qpl-hardware-dynamic-async+dsaslot-c1048576-w8-i1
silesia,restore,qpl-hardware-dynamic-async+dsaslot,1048576,32,15,785.115,96,976252928,/mnt/chsnap/harness/qpl-hardware-dynamic-async+dsaslot-c1048576-w8-i1
silesia,restore,qpl-hardware-dynamic-async+dsaslot,1048576,32,16,776.425,97,976252928,/mnt/chsnap/harness/qpl-hardware-dynamic-async+dsaslot-c1048576-w8-i1
silesia,restore,qpl-hardware-dynamic-async+dsaslot,1048576,32,17,788.244,96,976252928,/mnt/chsnap/harness/qpl-hardware-dynamic-async+dsaslot-c1048576-w8-i1
silesia,restore,qpl-hardware-dynamic-async+dsaslot,1048576,32,18,785.911,96,976252928,/mnt/chsnap/harness/qpl-hardware-dynamic-async+dsaslot-c1048576-w8-i1
silesia,restore,qpl-hardware-dynamic-async+dsaslot,1048576,32,19,786.595,96,976252928,/mnt/chsnap/harness/qpl-hardware-dynamic-async+dsaslot-c1048576-w8-i1
silesia,restore,qpl-hardware-dynamic-async+dsaslot,1048576,32,20,782.841,96,976252928,/mnt/chsnap/harness/qpl-hardware-dynamic-async+dsaslot-c1048576-w8-i1
silesia,restore,qpl-hardware-dynamic-async+cpu,1048576,32,1,788.244,96,976252928,/mnt/chsnap/harness/qpl-hardware-dynamic-async+cpu-c1048576-w8-i1
silesia,restore,qpl-hardware-dynamic-async+cpu,1048576,32,2,780.250,97,976252928,/mnt/chsnap/harness/qpl-hardware-dynamic-async+cpu-c1048576-w8-i1
silesia,restore,qpl-hardware-dynamic-async+cpu,1048576,32,3,782.469,97,976252928,/mnt/chsnap/harness/qpl-hardware-dynamic-async+cpu-c1048576-w8-i1
silesia,restore,qpl-hardware-dynamic-async+cpu,1048576,32,4,799.355,95,976252928,/mnt/chsnap/harness/qpl-hardware-dynamic-async+cpu-c1048576-w8-i1
silesia,restore,qpl-hardware-dynamic-async+cpu,1048576,32,5,792.364,96,976252928,/mnt/chsnap/harness/qpl-hardware-dynamic-async+cpu-c1048576-w8-i1
silesia,restore,qpl-hardware-dynamic-async+cpu,1048576,32,6,791.788,95,976252928,/mnt/chsnap/harness/qpl-hardware-dynamic-async+cpu-c1048576-w8-i1
silesia,restore,qpl-hardware-dynamic-async+cpu,1048576,32,7,788.048,96,976252928,/mnt/chsnap/harness/qpl-hardware-dynamic-async+cpu-c1048576-w8-i1
silesia,restore,qpl-hardware-dynamic-async+cpu,1048576,32,8,782.534,96,976252928,/mnt/chsnap/harness/qpl-hardware-dynamic-async+cpu-c1048576-w8-i1
silesia,restore,qpl-hardware-dynamic-async+cpu,1048576,32,9,787.490,96,976252928,/mnt/chsnap/harness/qpl-hardware-dynamic-async+cpu-c1048576-w8-i1
silesia,restore,qpl-hardware-dynamic-async+cpu,1048576,32,10,785.690,96,976252928,/mnt/chsnap/harness/qpl-hardware-dynamic-async+cpu-c1048576-w8-i1
silesia,restore,qpl-hardware-dynamic-async+cpu,1048576,32,11,780.038,97,976252928,/mnt/chsnap/harness/qpl-hardware-dynamic-async+cpu-c1048576-w8-i1
silesia,restore,qpl-hardware-dynamic-async+cpu,1048576,32,12,784.390,96,976252928,/mnt/chsnap/harness/qpl-hardware-dynamic-async+cpu-c1048576-w8-i1
silesia,restore,qpl-hardware-dynamic-async+cpu,1048576,32,13,787.301,96,976252928,/mnt/chsnap/harness/qpl-hardware-dynamic-async+cpu-c1048576-w8-i1
silesia,restore,qpl-hardware-dynamic-async+cpu,1048576,32,14,777.801,97,976252928,/mnt/chsnap/harness/qpl-hardware-dynamic-async+cpu-c1048576-w8-i1
silesia,restore,qpl-hardware-dynamic-async+cpu,1048576,32,15,783.360,96,976252928,/mnt/chsnap/harness/qpl-hardware-dynamic-async+cpu-c1048576-w8-i1
silesia,restore,qpl-hardware-dynamic-async+cpu,1048576,32,16,786.395,96,976252928,/mnt/chsnap/harness/qpl-hardware-dynamic-async+cpu-c1048576-w8-i1
silesia,restore,qpl-hardware-dynamic-async+cpu,1048576,32,17,794.082,95,976252928,/mnt/chsnap/harness/qpl-hardware-dynamic-async+cpu-c1048576-w8-i1
silesia,restore,qpl-hardware-dynamic-async+cpu,1048576,32,18,790.736,96,976252928,/mnt/chsnap/harness/qpl-hardware-dynamic-async+cpu-c1048576-w8-i1
silesia,restore,qpl-hardware-dynamic-async+cpu,1048576,32,19,777.945,97,976252928,/mnt/chsnap/harness/qpl-hardware-dynamic-async+cpu-c1048576-w8-i1
silesia,restore,qpl-hardware-dynamic-async+cpu,1048576,32,20,786.366,96,976252928,/mnt/chsnap/harness/qpl-hardware-dynamic-async+cpu-c1048576-w8-i1
silesia,restore,qpl-hardware-dynamic-async+dsa,1048576,32,1,778.678,97,976252928,/mnt/chsnap/harness/qpl-hardware-dynamic-async+dsa-c1048576-w8-i1
silesia,restore,qpl-hardware-dynamic-async+dsa,1048576,32,2,782.486,97,976252928,/mnt/chsnap/harness/qpl-hardware-dynamic-async+dsa-c1048576-w8-i1
silesia,restore,qpl-hardware-dynamic-async+dsa,1048576,32,3,782.190,97,976252928,/mnt/chsnap/harness/qpl-hardware-dynamic-async+dsa-c1048576-w8-i1
silesia,restore,qpl-hardware-dynamic-async+dsa,1048576,32,4,779.638,97,976252928,/mnt/chsnap/harness/qpl-hardware-dynamic-async+dsa-c1048576-w8-i1
silesia,restore,qpl-hardware-dynamic-async+dsa,1048576,32,5,784.747,96,976252928,/mnt/chsnap/harness/qpl-hardware-dynamic-async+dsa-c1048576-w8-i1
silesia,restore,qpl-hardware-dynamic-async+dsa,1048576,32,6,785.469,96,976252928,/mnt/chsnap/harness/qpl-hardware-dynamic-async+dsa-c1048576-w8-i1
silesia,restore,qpl-hardware-dynamic-async+dsa,1048576,32,7,794.649,95,976252928,/mnt/chsnap/harness/qpl-hardware-dynamic-async+dsa-c1048576-w8-i1
silesia,restore,qpl-hardware-dynamic-async+dsa,1048576,32,8,780.896,97,976252928,/mnt/chsnap/harness/qpl-hardware-dynamic-async+dsa-c1048576-w8-i1
silesia,restore,qpl-hardware-dynamic-async+dsa,1048576,32,9,776.173,97,976252928,/mnt/chsnap/harness/qpl-hardware-dynamic-async+dsa-c1048576-w8-i1
silesia,restore,qpl-hardware-dynamic-async+dsa,1048576,32,10,779.530,97,976252928,/mnt/chsnap/harness/qpl-hardware-dynamic-async+dsa-c1048576-w8-i1
silesia,restore,qpl-hardware-dynamic-async+dsa,1048576,32,11,790.083,96,976252928,/mnt/chsnap/harness/qpl-hardware-dynamic-async+dsa-c1048576-w8-i1
silesia,restore,qpl-hardware-dynamic-async+dsa,1048576,32,12,776.900,97,976252928,/mnt/chsnap/harness/qpl-hardware-dynamic-async+dsa-c1048576-w8-i1
silesia,restore,qpl-hardware-dynamic-async+dsa,1048576,32,13,787.728,96,976252928,/mnt/chsnap/harness/qpl-hardware-dynamic-async+dsa-c1048576-w8-i1
silesia,restore,qpl-hardware-dynamic-async+dsa,1048576,32,14,785.789,96,976252928,/mnt/chsnap/harness/qpl-hardware-dynamic-async+dsa-c1048576-w8-i1
silesia,restore,qpl-hardware-dynamic-async+dsa,1048576,32,15,783.045,97,976252928,/mnt/chsnap/harness/qpl-hardware-dynamic-async+dsa-c1048576-w8-i1
silesia,restore,qpl-hardware-dynamic-async+dsa,1048576,32,16,787.362,96,976252928,/mnt/chsnap/harness/qpl-hardware-dynamic-async+dsa-c1048576-w8-i1
silesia,restore,qpl-hardware-dynamic-async+dsa,1048576,32,17,783.887,96,976252928,/mnt/chsnap/harness/qpl-hardware-dynamic-async+dsa-c1048576-w8-i1
silesia,restore,qpl-hardware-dynamic-async+dsa,1048576,32,18,791.639,95,976252928,/mnt/chsnap/harness/qpl-hardware-dynamic-async+dsa-c1048576-w8-i1
silesia,restore,qpl-hardware-dynamic-async+dsa,1048576,32,19,785.570,96,976252928,/mnt/chsnap/harness/qpl-hardware-dynamic-async+dsa-c1048576-w8-i1
silesia,restore,qpl-hardware-dynamic-async+dsa,1048576,32,20,777.743,97,976252928,/mnt/chsnap/harness/qpl-hardware-dynamic-async+dsa-c1048576-w8-i1
